<?xml version="1.0" encoding="UTF-8"?>
<COLLADA xmlns="http://www.collada.org/2005/11/COLLADASchema" version="1.4.1">
	<asset>
		<contributor>
			<author>DENSO WAVE</author>
		</contributor>
		<unit/>
		<up_axis>Y_UP</up_axis>
	</asset>
	<library_materials>
		<material id="blinn20.material" name="blinn20">
			<instance_effect url="#blinn20.effect"/>
		</material>
		<material id="blinn21.material" name="blinn21">
			<instance_effect url="#blinn21.effect"/>
		</material>
		<material id="blinn22.material" name="blinn22">
			<instance_effect url="#blinn22.effect"/>
		</material>
	</library_materials>
	<library_effects>
		<effect id="blinn20.effect">
			<profile_COMMON>
				<technique sid="common">
					<phong>
						<emission>
							<color>0.04 0.04 0.04 1</color>
						</emission>
						<diffuse>
							<color>1 1 1 1</color>
						</diffuse>
						<specular>
							<color>0.2 0.2 0.2 1</color>
						</specular>
					</phong>
				</technique>
			</profile_COMMON>
		</effect>
		<effect id="blinn21.effect">
			<profile_COMMON>
				<technique sid="common">
					<phong>
						<emission>
							<color>0.023529 0.023529 0.023529 1</color>
						</emission>
						<diffuse>
							<color>0.752941 0.752941 0.752941 1</color>
						</diffuse>
						<specular>
							<color>0.752941 0.752941 0.752941 1</color>
						</specular>
					</phong>
				</technique>
			</profile_COMMON>
		</effect>
		<effect id="blinn22.effect">
			<profile_COMMON>
				<technique sid="common">
					<phong>
						<emission>
							<color>0.04 0.04 0.04 1</color>
						</emission>
						<diffuse>
							<color>0.88 0.77 0.11 1</color>
						</diffuse>
						<specular>
							<color>0.2 0.2 0.2 1</color>
						</specular>
					</phong>
				</technique>
			</profile_COMMON>
		</effect>
	</library_effects>
	<library_geometries>
		<geometry id="base2_M1KShape0" name="base2_M1KShape0">
			<mesh>
				<source id="base2_M1KShape0.positions">
					<float_array id="base2_M1KShape0.positions-array" count="3600">0.0790105 -0.10182 0.273586 0.0796197 -0.1013 0.268505 0.0788802 -0.100001 0.27383 0.0795739 -0.1 0.267926 0.046229 0.0942638 0.242135 0.0377055 0.0980018 0.245071 0.0509376 0.094019 0.23994 0.0547824 0.0894933 0.240081 0.0712752 0.076394 0.238492 0.0643871 0.0851465 0.23792 0.0466818 0.0968433 0.23926 0.0376065 0.100708 0.242302 0.0557627 0.0919228 0.237139 0.06473 0.0858382 0.235889 0.0734644 0.0784808 0.235465 0.037996 0.0998058 0.244115 0.0729034 0.0778742 0.237533 0.11555 -0.000173525 0.271181 0.113778 -0.021703 0.269421 0.116888 -0.0316619 0.273852 0.110704 -0.0362634 0.266715 0.110342 -0.0630286 0.269909 0.114349 0.0184621 0.27004 0.118747 0.00385782 0.274917 0.112041 0.0369198 0.268691 0.11583 0.0393165 0.273139 0.105592 -0.0502739 0.262076 0.0986879 -0.0633071 0.255995 0.101997 0.0585216 0.258955 0.107617 0.0452491 0.263767 0.10233 0.0704987 0.262148 0.108124 0.070512 0.26865 0.093737 0.0705 0.251482 0.0962942 0.0705 0.254778 0.00169643 0.0705 0.295965 -0.00218923 0.070648 0.302433 -0.00796606 0.0705 0.332627 0.134243 0.070648 0.275793 0.152189 0.070648 0.302432 0.134987 0.0715879 0.274983 0.153189 0.0716481 0.301935 0.107614 0.070648 0.25783 0.108006 0.0715899 0.256802 0.0749997 0.070648 0.251243 0.0749642 0.0715873 0.250145 0.0423857 0.070648 0.257831 0.0419284 0.0715849 0.256833 0.0157571 0.070648 0.275793 0.0149611 0.0715864 0.275037 -0.00321122 0.0715759 0.302038 -0.008 0.0705 0.335 -0.00941421 0.0710858 0.335 -0.01 0.0725 0.335 0.159414 0.0710858 0.335 0.16 0.0725 0.335 0.158 0.0705 0.335 0.153474 0.0705 0.307944 0.140789 0.0705 0.284396 0.121283 0.0705 0.266094 0.0962942 0.0705 0.254778 0.0583978 0.0705 0.253627 0.0253414 0.0705 0.268494 -0.00332028 0.0735 0.301914 -0.01 0.0735 0.335 0.0148959 0.0735 0.274896 0.0419142 0.0735 0.25668 0.075 0.0735 0.25 0.108086 0.0735 0.25668 0.135104 0.0735 0.274896 0.15332 0.0735 0.301914 0.16 0.0735 0.335 0.0186305 0.045 0.380729 0.0104367 0.045 0.368169 0.0199461 0.0705 0.381406 0.0466531 0.0286199 0.402102 0.0466035 -0.0133152 0.40222 0.0330823 0.025 0.394599 0.046826 -0.0552466 0.401693 0.0238188 -0.0552466 0.386181 0.0318356 0.0328031 0.393603 0.0330823 -0.025 0.394599 0.0318357 -0.0328035 0.393603 0.0284918 -0.0391587 0.390846 0.0238303 -0.0434345 0.386497 0.0186305 -0.045 0.380729 0.0103569 -0.045057 0.367835 0.00910104 -0.0596897 0.364693 0.00955209 -0.0977311 0.36281 0.00558441 -0.0647208 0.35478 0.0247039 -0.097676 0.385254 0.00376223 -0.0672922 0.346296 0.0473303 -0.0977542 0.400502 0.075 -0.0971158 0.406113 0.075 -0.0133153 0.407953 0.00393431 -0.0977943 0.334953 0.0095183 -0.0977568 0.307326 0.00302144 -0.0704161 0.333149 0.00310288 -0.0698873 0.339196 0.00536102 -0.0704161 0.316701 0.0113101 -0.0704161 0.301415 0.0247388 -0.0977653 0.284757 0.0472888 -0.0978071 0.269557 0.0447739 -0.0799335 0.269978 0.0394489 -0.0763145 0.272593 0.0330529 -0.0702572 0.276448 0.0205631 -0.0704161 0.287872 0.0500192 -0.0817787 0.267845 0.0550596 -0.082213 0.266187 0.075 -0.0971158 0.263887 0.0631424 -0.0799445 0.26426 0.0685034 -0.0765062 0.263464 0.0749421 -0.0705618 0.26299 0.075 0.0705 0.407 0.054129 0.0705 0.403912 0.0354065 0.0705 0.395136 0.0238301 0.0434344 0.386497 0.0284916 0.0391583 0.390846 0.0088611 0.0705 0.363454 0.10233 0.0704987 0.262148 0.117104 0.0705 0.276594 0.143414 0.0705 0.31256 0.133273 0.0705 0.292703 0.110088 0.0704993 0.270646 0.108124 0.070512 0.26865 0.147004 0.0705 0.334566 0.143517 0.0705 0.357122 0.133155 0.0705 0.377458 0.15189 0.0705075 0.367415 0.134114 0.0705093 0.393894 0.117375 0.0705 0.39321 0.107621 0.0705093 0.411829 0.075 0.0705 0.407 0.0751521 0.0705075 0.418441 0.097536 0.0705 0.403387 0.054129 0.0705 0.403912 0.0426597 0.0705095 0.411947 0.0354065 0.0705 0.395136 0.0161055 0.0705094 0.394115 0.0088611 0.0705 0.363454 -0.00186086 0.0705078 0.367568 0.0199461 0.0705 0.381406 0.0028339 0.0705 0.351142 -0.000116481 0.0704514 0.345974 0.0318356 0.0328031 0.393603 0.0330823 0.025 0.394599 0.0417087 0.0327849 0.384406 0.0238301 0.0434344 0.386497 0.0344499 0.0434283 0.376622 0.0186305 0.045 0.380729 0.0284916 0.0391583 0.390846 0.0387855 0.0391421 0.381271 0.0291406 0.045 0.370928 0.0427806 0.025 0.385555 0.0291406 0.0445 0.370928 0.0235943 0.0427315 0.386286 0.018603 0.0442373 0.380713 0.0343172 0.0429676 0.376479 0.0280764 0.0386175 0.390502 0.0385444 0.0387886 0.381012 0.0313219 0.0325053 0.393147 0.0413945 0.0325903 0.384068 0.032452 0.0250146 0.394172 0.0424396 0.025 0.385189 0.109455 -0.0657771 0.27071 0.100953 -0.0683331 0.266819 0.109693 -0.0676628 0.271821 0.103481 -0.0697729 0.268849 0.0976266 -0.0704161 0.266645 0.0979487 -0.0675111 0.263244 0.0973438 -0.0663102 0.257031 0.0912683 -0.0674995 0.254082 0.00824094 -0.0434782 0.351448 0.00805276 -0.03986 0.351507 0.00405195 -0.0433636 0.355494 0.00325574 -0.0388716 0.356263 0.0070741 -0.0368416 0.350696 0.00198611 -0.0360849 0.354815 0.000380386 -0.0352444 0.352469 0.00300169 -0.0368838 0.34584 -0.000631943 -0.0367309 0.349175 0.00517193 -0.0355001 0.348157 -0.00142695 -0.0400262 0.348022 0.00210296 -0.04 0.344866 0.118547 -0.0626245 0.2774 0.122998 -0.00666041 0.205 0.122998 -0.0066604 0.215178 0.123914 -0.00461157 0.215178 0.123914 -0.00461157 0.205 0.120916 -0.0075 0.205 0.120627 -0.00750087 0.217993 0.110454 -0.0075 0.205 0.110469 -0.00749896 0.229046 0.00399913 -0.0443422 0.356689 0.010116 -0.0438139 0.367584 0.0186153 -0.0442381 0.380727 -0.0180796 0.10708 0.244435 -0.0180137 0.105389 0.247092 -0.0265275 0.105402 0.243149 -0.018444 0.11 0.243308 -0.0350226 0.102897 0.240271 -0.0362744 0.101235 0.242952 -0.0354172 0.105778 0.238741 -0.0269382 0.10375 0.245827 -0.0267923 0.108353 0.241904 0.123009 -0.00460206 0.219331 0.12185 -0.00664638 0.219779 0.120463 -0.00457457 0.222734 0.123914 0.00461157 0.205 0.123914 0.00461157 0.215178 0.122998 0.00666041 0.205 0.122998 0.00666041 0.215178 0.120916 0.0075 0.205 0.120627 0.00750086 0.217993 0.00265803 0.0753537 0.270278 0.00441153 0.0756563 0.269046 0.0041511 0.0735431 0.272424 -0.0946959 -0.045 0.252267 -0.0968862 -0.045 0.247445 -0.0911099 -0.045 0.256476 -0.0976281 -0.045 0.234985 -0.0861137 -0.0449983 0.259896 -0.0976281 -0.045 0.242302 -0.0757315 -0.0450009 0.265742 -0.066931 -0.045 0.272475 -0.0605703 -0.045 0.278426 -0.0432184 -0.045 0.296241 -0.0268818 -0.045 0.314898 0.0291406 -0.045 0.370928 -0.0115921 -0.045 0.334356 0.00261959 -0.045 0.354573 0.0103569 -0.045057 0.367835 0.0186305 -0.045 0.380729 0.00539569 0.108095 0.24051 0.00638683 0.107326 0.242699 -0.00649322 0.10789 0.243989 0.00608362 0.11 0.238359 -0.00620777 0.106961 0.246363 -0.00674515 0.11 0.242667 0.00986458 0.107871 0.236754 0.0138938 0.106599 0.227517 0.0120007 0.107676 0.229786 0.0103341 0.107762 0.223785 0.0139839 0.106599 0.231905 0.0126779 0.106825 0.236407 0.00577342 0.110001 0.221639 0.00695015 0.108161 0.220137 0.00918594 0.110002 0.225907 0.0100357 0.110001 0.23138 0.108699 0.00797583 0.234812 0.109941 0.00649933 0.235699 0.107256 0.00948773 0.242493 0.110469 0.00749896 0.229046 0.10745 0.00811125 0.243811 0.11235 0.0066479 0.230039 0.113352 0.00450118 0.230296 -0.0238201 0.0753525 0.268728 -0.00672161 0.0806391 0.2679 -0.0459918 0.0856564 0.259779 -0.0434739 0.0809667 0.262636 -0.0649793 0.0731954 0.259634 -0.025506 0.0858561 0.263844 -0.0396831 0.0754258 0.265923 -0.00727213 0.0892722 0.263863 -0.0526296 0.0753943 0.262653 0.00773352 0.0878473 0.26452 0.0120026 0.0964785 0.259779 -0.00807587 0.0968868 0.259779 -0.0276107 0.0932192 0.259779 0.103759 0.0281122 0.242302 -0.00228433 0.101481 0.256598 -0.0729426 0.0789661 0.242302 -0.073508 0.0774964 0.247576 -0.0869013 0.0632812 0.242302 -0.0406753 0.0987431 0.247576 -0.00240375 0.106786 0.247576 -0.0398935 0.0968452 0.25244 -0.00235755 0.104734 0.25244 -0.0720951 0.0760069 0.25244 -0.0386545 0.0938374 0.256598 -0.0698593 0.0736431 0.256596 0.017048 0.100141 0.256499 -0.0976281 0.045 0.242302 -0.0968936 0.045 0.247418 -0.0947248 0.045 0.252219 -0.0911743 0.045 0.256417 -0.0862942 0.045 0.259723 -0.077376 0.0620469 0.25858 0.0226803 0.10508 0.242302 0.0277748 0.103163 0.247461 0.0204406 0.102725 0.252391 -0.0562018 0.0916393 0.242302 0.0283473 0.102188 0.248788 0.0204406 0.102725 0.252391 0.0213654 0.101303 0.253432 0.028358 0.100491 0.249366 0.124219 -0.0995661 0.285561 0.125303 -0.0977284 0.284777 0.102704 -0.0977912 0.26953 0.102066 -0.0995582 0.270684 0.139222 -0.0995658 0.307706 0.140507 -0.0977447 0.30734 0.144762 -0.0995664 0.33485 0.146087 -0.0977477 0.335004 0.139338 -0.0995663 0.362015 0.140505 -0.0977437 0.362667 0.124439 -0.0995661 0.384219 0.125266 -0.0977422 0.38527 0.102216 -0.0995721 0.399266 0.102665 -0.0977108 0.400506 0.101513 -0.1 0.272238 0.075 -0.1 0.266885 0.123165 -0.1 0.286835 0.137762 -0.1 0.308487 0.143115 -0.1 0.335 0.137762 -0.1 0.361513 0.123165 -0.1 0.383165 0.101513 -0.1 0.397762 0.0752187 -0.100003 0.402588 0.075 -0.0991619 0.264805 0.075 -0.0991619 0.405195 0.0189884 0.0758662 0.25633 0.0528465 0.0763953 0.240973 0.0354677 0.0758291 0.246887 -0.00121821 0.0433872 0.347857 -0.00143013 0.04 0.348047 -0.0027457 0.044342 0.347507 0.00210296 0.0434782 0.344866 0.00205335 0.0398497 0.345079 0.00215135 0.0444822 0.343477 -0.00177024 0.0367105 0.349868 0.00275909 0.0369062 0.346075 0.00517193 0.0355001 0.348157 0.000182197 0.0352565 0.352706 0.00824094 0.04 0.351448 0.00220886 0.0366277 0.35546 0.00730678 0.0368286 0.350453 0.00314712 0.0399039 0.356452 -0.0444774 -0.0241065 0.300605 -0.0448413 -0.0444424 0.294702 -0.0637647 -0.0222692 0.281935 -0.00956101 0.0218491 0.340794 -0.009874 -0.000221709 0.341094 -0.00934889 -0.0222671 0.340631 -0.0271657 -0.000787824 0.321017 -0.0263392 -0.023184 0.320198 -0.0266784 0.0216539 0.320492 -0.0455982 -0.0013573 0.301788 -0.0449295 0.0214575 0.301045 -0.029871 -0.0444094 0.311525 -0.0161924 0.0443857 0.329393 -0.030378 0.0444002 0.311961 -0.045396 0.0444355 0.295103 -0.0611486 0.0444008 0.278963 -0.0639692 0.0221578 0.28216 -0.0648421 -7.1363e-05 0.283119 -0.0157543 -0.0443954 0.329014 -0.00229925 -0.0443449 0.347424 -0.00224018 -0.0371837 0.348614 0.00527199 -0.0190008 0.360927 0.00587887 0.00199224 0.362348 0.00353122 0.0443075 0.356524 0.00535688 0.0231353 0.361039 -0.0607199 -0.0442318 0.278591 0.00210296 0.0434782 0.344866 0.00962973 0.0444822 0.351497 0.00425138 0.043553 0.347258 0.00824094 0.0434782 0.351448 -0.0257487 0.0507758 0.315556 -0.02426 0.056257 0.315467 -0.0112543 0.0533153 0.333825 -0.0110408 0.061932 0.331426 -0.0227792 0.0616608 0.31512 -0.0417336 0.050901 0.29682 -0.0395417 0.0566006 0.296997 -0.0372807 0.0621958 0.297003 0.00162142 0.0574358 0.351704 0.00346026 0.045 0.356381 -0.000116481 0.0704514 0.345974 -0.0609783 0.045 0.278876 -0.0553809 0.0686956 0.27277 -0.0111537 0.045 0.335841 -0.0267849 0.045 0.316052 -0.0434031 0.045 0.29705 -0.0122732 0.0689103 0.326746 -0.021714 0.0671948 0.313825 -0.0353746 0.0677939 0.296212 0.0105267 0.0440389 0.368367 -0.0788293 0.0443583 0.263991 -0.0803941 0.0444822 0.254958 -0.0697359 0.0444016 0.270999 -0.0946067 0.0443125 0.252931 -0.0971074 0.044347 0.247805 -0.0878724 0.0444822 0.246939 -0.0857992 0.0442872 0.260043 -0.0979799 0.0442857 0.242319 -0.0978956 0.0444609 0.23466 -0.0976281 0.045 0.234985 -0.0976281 0.045 0.242302 -0.0947248 0.045 0.252219 0.0104367 0.045 0.368169 0.00346026 0.045 0.356381 -0.07733 0.045 0.264947 -0.0862942 0.045 0.259723 -0.0111537 0.045 0.335841 -0.0267849 0.045 0.316052 -0.0434031 0.045 0.29705 -0.0609783 0.045 0.278876 -0.0692547 0.045 0.271174 -0.0911743 0.045 0.256417 -0.0968936 0.045 0.247418 0.0141836 -9.777e-05 0.375347 0.0113132 0.0213909 0.370549 0.0110686 -0.0227748 0.370074 0.0324545 -0.0250443 0.394161 0.0253469 -2e-06 0.388496 0.01935 -2e-06 0.382226 0.0236022 -0.0427294 0.386297 0.0313217 -0.0325052 0.393147 0.0280651 -0.0386207 0.390507 0.0424396 -0.025 0.385189 0.0291406 -0.0445 0.370928 0.0291406 -0.045 0.370928 -0.0979467 -0.0444912 0.2346 -0.0976281 0.045 0.234985 0.0291406 0.045 0.370928 -0.0978956 0.0444609 0.23466 0.0344499 0.0434283 0.376622 0.0291406 0.0445 0.370928 0.0387855 0.0391421 0.381271 0.0343172 0.0429676 0.376479 0.0417087 0.0327849 0.384406 0.0385444 0.0387886 0.381012 0.0427806 0.025 0.385555 0.0413945 0.0325903 0.384068 0.0427806 -0.025 0.385555 0.0424396 0.025 0.385189 0.0417087 -0.0327849 0.384406 0.0413945 -0.0325903 0.384068 0.0424396 -0.025 0.385189 0.0387855 -0.0391421 0.381271 0.0385444 -0.0387886 0.381012 0.0344499 -0.0434283 0.376622 0.0343172 -0.0429676 0.376479 -0.0976281 -0.045 0.234985 0.0330823 -0.025 0.394599 0.0427806 -0.025 0.385555 0.124235 0.003902 0.280696 0.122296 0.0379667 0.27955 0.117104 0.0705 0.276594 0.110088 0.0704993 0.270646 0.122969 -0.0301448 0.279993 0.0148959 0.0735 0.274896 0.0419142 0.0735 0.25668 -0.00332028 0.0735 0.301914 0.15332 0.0735 0.368086 -0.01 0.0735 0.335 0.16 0.0735 0.335 -0.00332028 0.0735 0.368086 0.0148959 0.0735 0.395104 0.0419142 0.0735 0.41332 0.075 0.0735 0.42 0.108086 0.0735 0.41332 0.135104 0.0735 0.395104 0.15332 0.0735 0.301914 0.135104 0.0735 0.274896 0.108086 0.0735 0.25668 0.075 0.0735 0.25 0.097536 0.0705 0.403387 0.117375 0.0705 0.39321 0.103347 0.0286199 0.402102 0.126585 -0.0133152 0.283415 0.126181 -0.0552466 0.283819 0.126181 -0.0552466 0.386181 0.103174 -0.0552466 0.401693 0.126585 -0.0133152 0.386585 0.103396 -0.0133152 0.40222 0.141693 -0.0552466 0.363174 0.14222 -0.0133152 0.363396 0.147381 -0.0552466 0.335 0.147953 -0.0133152 0.335 0.141693 -0.0552466 0.306826 0.14222 -0.0133152 0.306604 0.126495 0.0286199 0.386495 0.142102 0.0286199 0.363347 0.147825 0.0286199 0.335 0.142102 0.0286199 0.306653 0.126495 0.0286199 0.283505 0.117104 0.0705 0.276594 0.133273 0.0705 0.292703 0.143414 0.0705 0.31256 0.0870079 -0.0704161 0.264006 0.143517 0.0705 0.357122 0.147004 0.0705 0.334566 0.133155 0.0705 0.377458 0.135015 0.0714976 0.394949 0.153181 0.0714811 0.367956 0.108063 0.0714952 0.413141 0.0750465 0.0714972 0.419827 0.0420246 0.0714987 0.413179 0.0150526 0.0714965 0.395016 -0.00314868 0.0715522 0.368084 0.15332 0.0735 0.368086 0.135104 0.0735 0.395104 0.108086 0.0735 0.41332 0.075 0.0735 0.42 0.0419142 0.0735 0.41332 0.0148959 0.0735 0.395104 -0.00332028 0.0735 0.368086 -0.0408988 -0.100278 0.227561 -0.0729426 -0.0789661 0.242302 -0.0420741 -0.0990951 0.236108 0.0666738 -0.0843265 0.242302 0.0695093 -0.0820709 0.205 0.0486148 -0.0958793 0.242302 0.0916013 -0.0562722 0.228562 0.106971 -0.0106532 0.205 0.0852033 -0.0655488 0.221847 0.0286227 -0.10362 0.242302 0.0138498 -0.106604 0.232729 0.0103232 -0.10767 0.223654 0.012267 -0.107182 0.227865 0.00720993 -0.108206 0.220615 0.0060091 -0.107332 0.217016 -0.00168697 -0.107501 0.213949 -0.00380224 -0.107563 0.205 -0.00881719 -0.107161 0.212218 -0.0198575 -0.105747 0.211999 0.00679853 -0.107318 0.242601 0.0121911 -0.106813 0.237361 0.106724 -0.0113869 0.242096 0.083108 -0.0681924 0.231785 0.0822181 -0.0692563 0.242302 0.103696 -0.0283439 0.242302 0.100736 -0.0375409 0.238748 0.0967413 -0.0468933 0.234182 -0.0284118 -0.103677 0.213747 -0.0349683 -0.101654 0.216384 -0.0869013 -0.0632812 0.242302 -0.0408574 -0.0995932 0.221587 -0.0789816 -0.0730721 0.205 -0.0976281 -0.045 0.242302 -0.0976281 -0.045 0.234985 -0.105132 -0.0224405 0.242302 -0.0979467 -0.0444912 0.2346 -0.1075 0 0.242302 -0.0979338 -0.0443967 0.242311 -0.1075 9e-09 0.205 -0.105132 0.0224405 0.242302 -0.0408566 0.0995935 0.221587 -0.0349683 0.101654 0.216384 -0.0976281 0.045 0.234985 -0.0409702 0.100077 0.226803 -0.00380222 0.107563 0.205 -0.0284119 0.103677 0.213748 -0.0789816 0.0730722 0.205 -0.0217445 0.105278 0.212174 -0.0154727 0.106393 0.211676 -0.00881719 0.107161 0.212218 0.0695093 0.0820709 0.205 -0.00168697 0.107501 0.213949 0.0060091 0.107332 0.217016 0.0781556 0.0738177 0.226238 0.0799947 0.0718129 0.216246 0.0775157 0.0744348 0.237955 0.106971 0.0106532 0.205 0.0883947 0.0611744 0.224973 0.0950698 0.0501673 0.232195 0.100148 0.0390577 0.237956 -0.0420733 0.0990953 0.236108 -0.0562018 -0.0916393 0.242302 -0.036444 -0.101077 0.243046 0.0753984 0.0744231 0.239233 0.0791397 0.0735625 0.24052 0.0788707 0.0735208 0.23256 0.0844797 0.0731595 0.240972 0.0791397 0.0735625 0.24052 -0.0178815 0.0705 0.317585 -0.0171361 0.0726511 0.314005 -0.0125788 0.0735 0.2995 0.0791397 0.0735625 0.24052 0.0873409 0.0705 0.241309 0.0573703 0.0736373 0.242158 0.051206 0.0705 0.243524 0.0195366 0.0705 0.258488 0.0201184 0.0736373 0.258069 0.0844797 0.0731595 0.240972 0.0378821 0.0736373 0.248095 0.0041511 0.0735431 0.272424 -0.00453629 0.0705 0.283932 -0.00271326 0.0735 0.281233 -0.00814923 0.0735 0.290095 -0.0159569 0.0735 0.309366 0.121849 0.00664638 0.21978 0.120463 0.00457457 0.222734 0.0984931 -0.0483396 0.24826 0.093969 -0.0565423 0.243649 0.0973377 -0.0566929 0.251469 0.102999 -0.0455904 0.256853 0.0970336 -0.0475665 0.241219 0.0921227 -0.0564095 0.23597 0.102218 -0.0400993 0.252169 0.100924 -0.0387242 0.245541 0.0928509 -0.0639654 0.247295 0.0887263 -0.0645765 0.2385 0.0862114 -0.0651133 0.229916 0.107383 -0.0340071 0.261231 0.105083 -0.0319061 0.255245 0.103841 -0.0300039 0.248891 -0.0219715 0.11 0.217109 -0.0343589 0.11 0.221 -0.0282415 0.108325 0.218518 -0.0344166 0.106207 0.220881 0.0744478 -0.0683665 0.262002 0.0871603 -0.0683492 0.263104 0.0740215 -0.0675921 0.260239 0.0825189 -0.0674985 0.253899 0.0859214 -0.067495 0.243691 -0.0803941 -0.0444822 0.254958 -0.0817828 -0.0434782 0.25491 -0.0857203 -0.0443368 0.260115 -0.0858479 -0.0433666 0.258835 -0.0344166 -0.106207 0.220881 -0.0343589 -0.11 0.221 -0.0282413 -0.108325 0.218517 -0.0203977 -0.11 0.216686 -0.0343589 -0.11 0.239 -0.0384732 -0.11 0.235311 -0.0353689 -0.105814 0.238759 -0.0392501 -0.103479 0.23441 -0.04 -0.11 0.23 -0.0402501 -0.102826 0.229837 -0.0384732 -0.11 0.224689 -0.0387724 -0.103782 0.224705 -0.0267923 -0.108353 0.241904 -0.0266031 -0.11 0.241899 -0.018444 -0.11 0.243308 -0.0933647 -0.0433374 0.253229 -0.0879208 -0.0434782 0.248328 -0.0946067 -0.0443125 0.252931 -0.0878724 -0.0444822 0.246939 -0.0872627 -0.037958 0.259675 -0.0817828 -0.04 0.25491 -0.0946135 -0.0362073 0.25673 -0.0949309 -0.0384583 0.254865 -0.0957654 -0.0391514 0.254429 -0.0829259 -0.0368542 0.25418 -0.0872 -0.0367797 0.249547 -0.0931381 -0.0353285 0.25817 -0.0847507 -0.0355454 0.251522 -0.0910285 -0.0354974 0.259472 -0.0946135 -0.0362073 0.25673 -0.0879231 -0.0402293 0.248289 -0.00674516 -0.11 0.242668 -0.00649348 -0.10789 0.243989 0.00596748 -0.110001 0.238419 -0.00620827 -0.106961 0.246364 -0.0180137 -0.105389 0.247092 -0.0180796 -0.10708 0.244435 0.00627858 -0.108119 0.240134 0.0085288 -0.110001 0.224548 0.0043589 -0.11 0.221 0.0100273 -0.110003 0.231638 0.0113221 -0.107744 0.234136 -0.0508556 -0.068433 0.26694 -0.0501971 -0.0707864 0.26525 -0.0646708 -0.0668486 0.262298 -0.0523424 -0.0674121 0.269009 -0.0523424 -0.0674121 0.269009 -0.0661642 -0.0624948 0.265339 -0.054932 -0.0659446 0.271788 -0.0765277 -0.0623288 0.258872 -0.0734226 -0.0634635 0.260078 -0.0646708 -0.0668486 0.262298 -0.0568266 -0.0625246 0.273641 -0.049977 -0.0675 0.270124 -0.0646788 -0.0444558 0.274041 -0.0758174 -0.0443896 0.265844 -0.0674727 -0.0442362 0.272331 -0.0949406 0.0384571 0.254873 -0.0933647 0.0433374 0.253229 -0.0879208 0.04 0.248328 -0.0879208 0.0434782 0.248328 -0.0946105 0.0362069 0.256732 -0.0957512 0.0392124 0.254423 0.0028339 0.0705 0.351142 0.0962942 0.0705 0.254778 0.051206 0.0705 0.243524 0.093737 0.0705 0.251482 0.0195366 0.0705 0.258488 0.0253414 0.0705 0.268494 0.0873409 0.0705 0.241309 0.00169643 0.0705 0.295965 -0.00453629 0.0705 0.283932 0.0583978 0.0705 0.253627 -0.0178815 0.0705 0.317585 -0.00796606 0.0705 0.332627 -0.025755 0.0695832 0.307218 -0.0178815 0.0705 0.317585 -0.0382502 0.0720435 0.287693 -0.0362159 0.0731753 0.286296 -0.0241384 0.0715049 0.30598 -0.0222049 0.072893 0.304568 -0.0399777 0.0702547 0.288859 -0.00796606 0.0705 0.332627 -0.0171361 0.0726511 0.314005 -0.0306068 0.0735 0.290245 -0.0159569 0.0735 0.309366 -0.0512817 0.0735001 0.266272 -0.0558142 0.0721354 0.267923 0.0933377 0.0545254 0.237552 0.102258 0.0482423 0.256334 0.0937785 0.0575658 0.243824 0.0952641 0.0610191 0.249709 0.086174 0.0684566 0.236444 0.10024 0.0453355 0.250325 0.0862699 0.0651625 0.230304 0.0993129 0.0427179 0.24392 0.107425 0.0337674 0.261168 0.105138 0.0316729 0.2552 0.103903 0.0297735 0.248867 0.0820438 0.0710597 0.228047 0.0873409 0.0705 0.241309 0.00824094 0.0434782 0.351448 0.00261959 -0.045 0.354573 -0.000169504 -0.0604977 0.347366 0.00210296 -0.0434782 0.344866 0.00210296 -0.04 0.344866 0.00261572 -0.0408074 0.345763 0.00300169 -0.0368838 0.34584 0.00517193 -0.0355001 0.348157 0.00482082 -0.0366244 0.348349 0.0070741 -0.0368416 0.350696 0.00824094 -0.0434782 0.351448 0.00600657 -0.0435532 0.349139 0.00805276 -0.03986 0.351507 0.00962973 -0.0444822 0.351497 0.00215135 -0.0444822 0.343477 -0.0384732 0.11 0.224689 -0.038435 0.103979 0.224211 -0.0384732 0.11 0.235311 -0.0394956 0.103334 0.233883 -0.04 0.11 0.23 -0.0401669 0.10288 0.228699 -0.0343589 0.11 0.239 0.0220409 -0.1 0.370772 0.0241375 -0.1 0.36804 0.0200619 -0.100001 0.362263 0.0711064 -0.0999996 0.273759 0.0704876 -0.1 0.267912 0.0122378 -0.1 0.361513 0.0141876 -0.1 0.364294 0.00618617 -0.0999664 0.335199 0.0122378 -0.1 0.308487 0.0268354 -0.1 0.383165 0.0482922 -0.0999659 0.398413 0.127959 -0.1 0.370772 0.135721 -0.100003 0.364424 0.125862 -0.1 0.36804 0.105809 -0.1 0.395129 0.142478 -0.1 0.331617 0.0788802 -0.100001 0.27383 0.0795739 -0.1 0.267926 0.075 -0.1 0.27575 0.126312 -0.1 0.364625 0.129856 -0.100017 0.362251 0.0145834 -0.1 0.364673 0.0236879 -0.1 0.364625 -0.0341126 0.103183 0.219318 -0.0381598 0.101488 0.222016 -0.0385158 0.1013 0.237379 -0.038435 0.103979 0.224211 -0.0401669 0.10288 0.228699 -0.0408551 0.100198 0.233191 -0.0394956 0.103334 0.233883 -0.000921658 -0.0433942 0.34759 0.00210296 -0.0434782 0.344866 -0.0586144 0.0681652 0.269751 0.0916049 -0.0666341 0.249187 0.086956 -0.0669472 0.240523 0.0846932 -0.066894 0.231891 -0.0278678 0.10516 0.21693 -0.0219715 0.11 0.217109 -0.021526 0.106701 0.215554 -0.000169504 -0.0604977 0.347366 0.00910104 -0.0596897 0.364693 0.000668798 -0.0634682 0.346837 0.00240737 -0.0658307 0.34574 -0.0605703 -0.045 0.278426 -0.0411916 -0.0620435 0.291236 -0.0568266 -0.0625246 0.273641 -0.0432184 -0.045 0.296241 -0.0266657 -0.0615482 0.309241 -0.0268818 -0.045 0.314898 -0.0129807 -0.0610304 0.327963 -0.0115921 -0.045 0.334356 0.00240737 -0.0658307 0.34574 -0.0547786 0.0739375 0.263223 0.00242051 -0.0681415 0.338965 2.3609e-05 -0.0675 0.333072 0.00211434 -0.0683492 0.333126 0.0839065 -0.0680085 0.24372 0.081571 -0.0681109 0.250757 0.078982 -0.068149 0.254221 0.0728645 -0.0684148 0.259083 0.0723114 -0.0701887 0.257262 0.067241 -0.074164 0.262311 0.062251 -0.0779725 0.263478 0.0547451 -0.0801432 0.265314 0.110454 0.0075 0.205 0.108105 0.00840542 0.205 -0.0125788 0.0735 0.2995 -0.00814923 0.0735 0.290095 -0.0185806 0.0735 0.272237 -0.00271326 0.0735 0.281233 -0.0385028 -0.0663546 0.289017 -0.0241083 -0.066056 0.307343 -0.0236673 -0.0675 0.30054 -0.0106203 -0.0657307 0.326356 0.000668798 -0.0634682 0.346837 -0.054932 -0.0659446 0.271788 0.0500294 -0.0797388 0.266851 0.0450873 -0.0780103 0.268809 0.0400198 -0.0746006 0.271213 0.0341871 -0.0684221 0.274336 0.0310573 -0.0675 0.27422 0.0331774 -0.0678197 0.272106 -0.0817828 0.0434782 0.25491 -0.0860926 0.0433358 0.259084 -0.0879208 0.0434782 0.248328 -0.0850943 0.0434042 0.251843 -0.0817828 0.0434782 0.25491 -0.0872237 0.0383468 0.26075 -0.0869643 0.0385607 0.25969 -0.0904261 0.0356795 0.259815 -0.0889784 0.03565 0.260533 0.0431159 -0.0762958 0.267617 0.0340298 -0.0687432 0.270838 0.0384922 -0.0728533 0.269878 0.0393837 -0.0744707 0.26737 0.0483557 -0.078514 0.265473 0.0462977 -0.0784045 0.264135 0.0539262 -0.0793889 0.26148 0.0542035 -0.0791868 0.263547 -0.0971088 -0.0443422 0.247806 0.0291406 -0.0445 0.370928 -0.0343589 0.11 0.239 -0.0384732 0.11 0.235311 -0.0266031 0.11 0.241899 -0.011581 0.11 0.216657 -0.018444 0.11 0.243308 -0.0219715 0.11 0.217109 -0.00193362 0.11 0.218524 0.00608362 0.11 0.238359 -0.00674515 0.11 0.242667 0.0100357 0.110001 0.23138 0.00577342 0.110001 0.221639 0.00918594 0.110002 0.225907 -0.0343589 0.11 0.221 -0.0384732 0.11 0.224689 -0.04 0.11 0.23 -0.018716 0.0740723 0.270447 -0.0377113 0.0740109 0.267506 0.113364 -0.00451517 0.230272 0.123009 0.00460206 0.219331 -0.021526 -0.106701 0.215554 -0.0203977 -0.11 0.216686 -0.0123214 -0.107671 0.214843 -0.00190144 -0.108091 0.21666 -0.00520873 -0.11 0.217536 -0.0341126 -0.103183 0.219318 -0.0382758 -0.101439 0.222158 -0.0349609 -0.102919 0.240294 -0.0391521 -0.101032 0.236652 -0.0412078 -0.100043 0.231116 -0.0387724 -0.103782 0.224705 -0.0402501 -0.102826 0.229837 -0.0392501 -0.103479 0.23441 -0.0278677 -0.10516 0.21693 0.0238303 -0.0434345 0.386497 0.0344499 -0.0434283 0.376622 0.0284918 -0.0391587 0.390846 0.0417087 -0.0327849 0.384406 0.0318357 -0.0328035 0.393603 0.0387855 -0.0391421 0.381271 0.0343172 -0.0429676 0.376479 0.0385444 -0.0387886 0.381012 0.0413945 -0.0325903 0.384068 0.00824094 0.04 0.351448 0.00738281 0.0408063 0.350874 0.00205335 0.0398497 0.345079 0.00517193 0.0355001 0.348157 0.00275909 0.0369062 0.346075 0.00495537 0.0366244 0.348494 0.00730678 0.0368286 0.350453 0.107723 -4.513e-06 0.252781 0.108165 0.0161136 0.257871 0.107525 0.0107559 0.253745 0.10813 -0.0163699 0.257865 0.107515 -0.0107538 0.253713 0.106683 -0.0153007 0.250755 0.111718 -0.000146091 0.26519 0.110829 0.0172965 0.264526 0.109064 -0.000134329 0.25843 0.11079 -0.0175701 0.264519 0.106717 0.0150584 0.250759 0.0798361 0.0728872 0.226955 0.0775157 0.0744348 0.237955 0.0791397 0.0735625 0.24052 0.0573703 0.0736373 0.242158 0.0578159 0.074614 0.240543 0.0375193 0.0742857 0.246963 0.0194843 0.0743572 0.257001 0.0201184 0.0736373 0.258069 0.0378821 0.0736373 0.248095 0.0782619 0.0737195 0.225512 -0.0649793 0.0731954 0.259634 -0.0656893 0.0715045 0.26095 0.0331774 -0.0678197 0.272106 0.0327479 -0.0707317 0.269186 -0.00828343 -0.0683865 0.27374 0.0124268 -0.0683865 0.273508 -0.00728893 -0.0707317 0.271981 0.010722 -0.0675 0.276452 -0.0198765 -0.0675 0.275891 -0.0288937 -0.0683865 0.271694 0.0129278 -0.0707317 0.271653 -0.0278637 -0.0707317 0.270017 0.0457199 -0.0800814 0.26253 0.0537426 -0.0810211 0.25976 0.0378783 -0.0757128 0.266216 0.0203043 -0.0885078 0.263204 0.0217417 -0.0947744 0.259779 -0.0114085 -0.0900741 0.263204 -0.0417294 -0.0806507 0.263204 -0.0105802 -0.0835342 0.266412 -0.0386997 -0.0747951 0.266411 0.0185741 -0.0796662 0.267539 -0.00973769 -0.0768822 0.269376 -0.0734226 -0.0634635 0.260078 -0.0446841 -0.0863611 0.259779 -0.0122164 -0.0964516 0.259779 -0.0919788 -0.017647 0.262184 -0.0939101 -0.000893882 0.262339 -0.0893552 -0.0210965 0.26362 -0.0928416 0.0160611 0.261888 -0.0921238 0.0171136 0.262576 -0.0849351 -0.0205337 0.266209 -0.0906012 -0.00198436 0.264785 -0.0876414 0.0166817 0.265087 -0.0834811 0.017221 0.268 -0.0717145 0.0406017 0.270648 -0.0814974 -0.0186977 0.269036 -0.0867823 -0.00040345 0.267525 -0.0874677 -0.037668 0.260876 -0.0817407 0.0402774 0.254917 -0.0817407 0.0402774 0.254917 -0.0829661 0.0367696 0.254089 -0.0833831 0.0422369 0.253905 -0.0879208 0.04 0.248328 -0.0870896 0.0420029 0.249631 -0.0872726 0.0368381 0.249517 -0.0872726 0.0368381 0.249517 -0.0946105 0.0362069 0.256732 -0.0931373 0.0353298 0.25817 -0.0847486 0.0355454 0.251525 -0.0829661 0.0367696 0.254089 -0.0956174 -0.0175934 0.259779 -0.0956174 0.0175934 0.259779 -0.101487 -5.4e-08 0.256598 -0.1043 -0.0229426 0.247576 -0.106793 -5.7e-08 0.247576 -0.1043 0.0229425 0.247576 -0.10474 -5.6e-08 0.25244 -0.102295 0.0225016 0.25244 -0.102295 -0.0225017 0.25244 -0.0991183 0.0218027 0.256598 -0.0991183 -0.0218028 0.256598 -0.0946135 -0.0362073 0.25673 -0.0931381 -0.0353285 0.25817 -0.0931373 0.0353298 0.25817 -0.0946105 0.0362069 0.256732 -0.0592981 -0.0557041 0.274938 -0.066931 -0.045 0.272475 -0.0661642 -0.0624948 0.265339 -0.0765277 -0.0623288 0.258872 -0.0731451 -0.0544078 0.26404 -0.0659742 -0.0543743 0.269406 -0.0757315 -0.0450009 0.265742 -0.0861137 -0.0449983 0.259896 -0.0203977 -0.11 0.216686 -0.0343589 -0.11 0.221 -0.04 -0.11 0.23 -0.0266031 -0.11 0.241899 -0.018444 -0.11 0.243308 -0.0343589 -0.11 0.239 -0.00674516 -0.11 0.242668 -0.00520873 -0.11 0.217536 0.0043589 -0.11 0.221 0.0085288 -0.110001 0.224548 0.0100273 -0.110003 0.231638 0.00596748 -0.110001 0.238419 -0.0384732 -0.11 0.235311 -0.0384732 -0.11 0.224689 -0.0879231 -0.0402293 0.248289 -0.0872 -0.0367797 0.249547 -0.0870289 -0.0422383 0.249995 -0.0817828 -0.04 0.25491 -0.0830246 -0.042002 0.25399 -0.0829259 -0.0368542 0.25418 -0.0817828 -0.0434782 0.25491 -0.0850922 -0.0434042 0.251845 -0.0879208 -0.0434782 0.248328 0.107452 -0.00913284 0.243402 0.123914 0.00461157 0.215178 0.120463 0.00457457 0.222734 0.123914 -0.00461157 0.215178 0.120463 -0.00457457 0.222734 0.112349 -0.00664796 0.230041 0.108905 -0.00772817 0.236156 0.110115 -0.00489838 0.235777 0.108105 -0.00840542 0.205 -0.1075 9e-09 0.205 -0.0789816 -0.0730721 0.205 -0.0789816 0.0730722 0.205 0.120916 0.0075 0.205 0.120916 -0.0075 0.205 0.122998 0.00666041 0.205 0.108105 0.00840542 0.205 0.110454 -0.0075 0.205 0.110454 0.0075 0.205 0.123914 0.00461157 0.205 0.123914 -0.00461157 0.205 0.122998 -0.00666041 0.205 0.108105 -0.00840542 0.205 0.106971 0.0106532 0.205 0.106971 -0.0106532 0.205 0.0695093 -0.0820709 0.205 -0.00380222 0.107563 0.205 -0.00380224 -0.107563 0.205 0.0695093 0.0820709 0.205 -0.00190177 0.108092 0.21666 -0.00860318 0.107822 0.215225 -0.0151279 0.107335 0.214902 -0.00193362 0.11 0.218524 -0.011581 0.11 0.216657 0.109455 -0.0657771 0.27071 0.118547 -0.0626245 0.2774 0.110342 -0.0630286 0.269909 -0.0609706 0.0549738 0.27458 -0.0620349 0.0586568 0.271705 -0.0692547 0.045 0.271174 -0.0265274 -0.105402 0.243149 -0.026938 -0.10375 0.245827 0.0198924 -0.0683492 0.28726 0.0182959 -0.0675 0.285909 0.0105072 -0.0683492 0.300992 0.00447702 -0.0683492 0.316493 0.00246064 -0.0675 0.315939 0.00865751 -0.0675 0.300017 0.0859214 -0.067495 0.243691 0.083108 -0.0681924 0.231785 0.0852033 -0.0655488 0.221847 0.0822181 -0.0692563 0.242302 0.0608784 -0.0775804 0.262355 0.0613742 -0.0770456 0.259988 -0.0135648 -0.100577 0.256598 0.0371298 -0.100261 0.247576 -0.014274 -0.105834 0.247576 -0.0623645 -0.0868417 0.247576 -0.0139996 -0.1038 0.25244 -0.0611658 -0.0851726 0.25244 0.0364162 -0.0983336 0.25244 -0.0592661 -0.0825273 0.256598 0.0352852 -0.0952795 0.256598 0.0662154 -0.0752738 0.257611 0.0616492 -0.0782667 0.258241 -0.0911099 -0.045 0.256476 -0.0946959 -0.045 0.252267 -0.0968862 -0.045 0.247445 0.0257805 -0.0995661 0.384439 0.0476769 -0.0991619 0.399679 0.0107782 -0.0995659 0.362294 0.0048049 -0.0991619 0.335 0.0106617 -0.0995664 0.307985 0.0255605 -0.0995661 0.285781 0.0477837 -0.0995721 0.270734 0.0268354 -0.1 0.286835 0.0484866 -0.1 0.272238 0.108212 -2.266e-06 0.241516 0.10744 -9.85e-07 0.247796 -0.074472 -0.0227383 0.272664 -0.075563 -0.000351891 0.274062 -0.0746873 0.0220656 0.272935 -0.0862942 0.045 0.259723 -0.07733 0.045 0.264947 -0.0586144 0.0681652 0.269751 -0.0698593 0.0736431 0.256596 -0.0656893 0.0715045 0.26095 -0.0266031 0.11 0.241899 0.0704876 -0.1 0.267912 0.0700938 -0.101251 0.26816 0.0711064 -0.0999996 0.273759 0.070064 -0.1 0.267606 0.0718219 -0.101965 0.274769 0.075929 -0.102051 0.275749 0.075 -0.1 0.27575 0.131218 -0.0999965 0.37279 0.127959 -0.1 0.370772 0.130316 -0.1013 0.372253 0.126189 -0.101843 0.369188 0.112178 -0.1013 0.390286 0.105576 -0.101203 0.394622 0.0750002 -0.101203 0.401942 0.0439015 -0.101206 0.394465 0.07497 -0.100754 0.402429 0.0441149 -0.100009 0.395229 0.105786 -0.100757 0.395066 0.0191566 -0.100979 0.372609 0.0187972 -0.1 0.372694 0.0199785 -0.1013 0.372545 0.0297028 -0.1013 0.383838 0.0654652 -0.1013 0.400938 0.0898097 -0.1013 0.399944 0.079938 -0.100305 0.267655 0.111669 -0.1 0.278253 0.111627 -0.100756 0.278305 0.133468 -0.1 0.301243 0.142414 -0.100735 0.331655 0.142478 -0.1 0.331617 0.135721 -0.100003 0.364424 0.129856 -0.100017 0.362251 0.135483 -0.100971 0.364615 0.130865 -0.101791 0.362195 0.132974 -0.101204 0.301529 0.141923 -0.101203 0.331669 0.11115 -0.101208 0.278523 0.0946463 -0.1013 0.271353 0.134979 -0.1013 0.364055 0.141468 -0.1013 0.339555 0.138648 -0.1013 0.315354 0.127336 -0.1013 0.293773 0.125862 -0.1 0.36804 0.128653 -0.101572 0.362423 0.12585 -0.102046 0.365418 0.126312 -0.1 0.364625 0.048368 -0.104073 0.355141 0.058328 -0.104075 0.363877 0.0614705 -0.104851 0.341693 0.0634358 -0.104797 0.323051 0.0770641 -0.104768 0.318425 0.06636 -0.104073 0.302756 0.0791262 -0.104073 0.301865 0.0548591 -0.104073 0.308368 0.0460904 -0.104073 0.318309 0.0418655 -0.104073 0.330874 0.0427557 -0.104073 0.34364 0.0620487 -0.102915 0.286666 0.0811851 -0.102915 0.285332 0.044809 -0.102915 0.295079 0.0316649 -0.102915 0.309981 0.0253318 -0.102915 0.328815 0.0266662 -0.102915 0.347951 0.0350789 -0.102915 0.365191 0.075 -0.105 0.335 0.0224098 -0.10163 0.370626 0.023827 -0.102108 0.364231 0.0176478 -0.101608 0.362809 0.0150147 -0.1013 0.364067 0.0916718 -0.104075 0.306123 0.00817304 -0.101275 0.33174 0.0169141 -0.101244 0.301445 0.0387023 -0.101279 0.278838 0.0220409 -0.1 0.370772 0.0205222 -0.101721 0.362375 0.0244858 -0.101624 0.367546 0.0141876 -0.1 0.364294 0.0200619 -0.100001 0.362263 0.0145834 -0.1 0.364673 0.0236879 -0.1 0.364625 0.0241375 -0.1 0.36804 0.0879513 -0.102915 0.383334 0.0688149 -0.102915 0.384668 0.101632 -0.104073 0.314859 0.0885294 -0.104851 0.328307 0.0865642 -0.104797 0.346949 0.0729359 -0.104768 0.351575 0.08364 -0.104073 0.367244 0.0708738 -0.104073 0.368135 0.0951409 -0.104073 0.361632 0.10391 -0.104073 0.351691 0.108135 -0.104073 0.339126 0.107244 -0.104073 0.32636 0.105191 -0.102915 0.374921 0.118335 -0.102915 0.360019 0.124668 -0.102915 0.341185 0.123334 -0.102915 0.322049 0.114921 -0.102915 0.304809 0.0165314 -0.1 0.301243 0.0383955 -0.100733 0.278289 0.00758776 -0.100757 0.331628</float_array>
					<technique_common>
						<accessor count="1200" source="#base2_M1KShape0.positions-array" stride="3">
							<param name="X" type="float"/>
							<param name="Y" type="float"/>
							<param name="Z" type="float"/>
						</accessor>
					</technique_common>
				</source>
				<source id="base2_M1KShape0.normals">
					<float_array id="base2_M1KShape0.normals-array" count="3600">-0.328343 -0.911873 -0.246329 -0.021916 -0.993826 -0.108761 -0.919083 0.037268 -0.392298 -0.386873 0.010312 -0.922075 0.285909 0.014724 0.958144 0.382839 0.034901 0.923156 0.470073 0.588455 0.657839 0.19262 0.008885 0.981233 0.011562 -0.015201 0.999818 0.48853 0.559913 0.669205 0.427863 0.903544 -0.023259 0.34983 0.936813 -1e-06 0.513814 0.85728 -0.032662 0.601182 0.798717 -0.025134 0.683389 0.730054 -0 0.47974 0.635968 0.604479 0.500296 0.524354 0.689026 0.786388 -0.000432 -0.617732 0.79774 -0.033868 -0.60205 0.752827 -0.040729 -0.656957 0.797264 -0.063237 -0.60031 0.738677 -0.100412 -0.666538 0.792278 0.026964 -0.609564 0.74553 0.004406 -0.666457 0.78036 0.052604 -0.623114 0.753388 0.051839 -0.65553 0.791819 -0.108112 -0.601111 0.781181 -0.166293 -0.601749 0.783007 0.136218 -0.606914 0.799354 0.089054 -0.594224 0.750592 0.156179 -0.642043 0.72963 0.119719 -0.673281 0.779467 0.198696 -0.594097 0.770544 0.189238 -0.608646 -0.013675 -0.99988 -0.007297 -0.348806 -0.925539 -0.147349 0.000878 -1 2.5e-05 0.267887 -0.925505 -0.267727 0.348805 -0.925539 -0.147351 0.661849 -0.354409 -0.660568 0.869208 -0.324283 -0.373253 0.147559 -0.925539 -0.348717 0.364896 -0.353122 -0.861485 -1e-06 -0.925505 -0.378736 -0.001018 -0.354882 -0.934911 -0.147561 -0.925539 -0.348717 -0.366064 -0.356493 -0.859599 -0.267889 -0.925505 -0.267725 -0.662742 -0.355726 -0.658963 -0.856711 -0.362945 -0.366494 0.000536 -1 -0 -0.707247 -0.706966 9e-06 -1 0.000539 1.3e-05 0.707247 -0.706966 9e-06 1 0.000539 1.3e-05 -0.000536 -1 -0 -0.007636 -0.999967 0.002632 -0.002004 -0.999997 0.001544 -0.000641 -0.999999 0.000952 -0.002699 -0.999945 0.010193 -0.003094 -0.999879 -0.015245 0.001773 -0.999996 0.00237 -0.921004 0 -0.389552 -1 0 0 -0.707107 0 -0.707107 -0.389552 0 -0.921004 0 0 -1 0.389552 0 -0.921004 0.707107 0 -0.707107 0.921004 0 -0.389552 1 0 0 -0.776091 0.017881 0.630367 -0.888966 0.017884 0.457623 -0.763982 0.028017 0.64463 -0.389527 0.011373 0.920945 -0.389547 -0.005298 0.920991 -0.575967 0.009932 0.817413 -0.389458 -0.021964 0.920782 -0.706936 -0.021959 0.706936 -0.593639 0.013033 0.804626 -0.575967 -0.00994 0.817413 -0.593638 -0.013041 0.804627 -0.640275 -0.015566 0.767988 -0.704756 -0.017265 0.70924 -0.776091 -0.017888 0.630367 -0.892685 -0.014941 0.450434 -0.911225 -0.02373 0.411225 -0.918669 -0.064459 0.389733 -0.961539 -0.025729 0.273461 -0.70686 -0.049423 0.705624 -0.986296 -0.041641 0.159648 -0.388682 -0.064292 0.919126 0 -0.038594 0.999255 0 -0.005296 0.999986 -0.997643 -0.068596 -0.001651 -0.91886 -0.061988 -0.389684 -0.99929 -0.027986 -0.025216 -0.997968 -0.027777 0.057337 -0.966957 -0.027993 -0.253397 -0.883807 -0.027992 -0.467014 -0.705406 -0.060492 -0.706218 -0.387357 -0.087665 -0.917752 -0.421913 -0.031775 -0.906079 -0.49556 -0.030335 -0.868044 -0.576818 -0.025633 -0.81647 -0.755456 -0.027986 -0.654602 -0.348588 -0.032509 -0.936712 -0.277727 -0.032682 -0.960104 0 -0.038594 -0.999255 -0.164045 -0.031776 -0.985941 -0.089253 -0.030407 -0.995545 1.3e-05 -0.025302 -0.99968 0 0.028017 0.999607 -0.289395 0.028024 0.9568 -0.550469 0.02802 0.834385 -0.70476 0.017258 0.709236 -0.640278 0.015559 0.767985 -0.918045 0.028024 0.395485 -0.000121 -1 0.000457 0 -1 0 0 -1 0 0 -1 0 9e-06 -1 -1.3e-05 0 -1 0 0 -1 0 0 -1 0 0 -1 0 0.038051 -0.999053 0.021104 0.029649 -0.998931 0.035474 0 -1 0 0.014006 -0.998942 0.043814 0 -1 0 -0.003584 -0.999264 0.038189 0 -1 0 0 -1 0 -0.022398 -0.998872 0.04187 0 -1 0 -0.035988 -0.998899 0.030085 0 -1 0 -0.044939 -0.998798 0.0196 0 -1 0 0 -1 0 -3.8e-05 -1 -2e-06 -0.627865 -0.390444 -0.673304 -0.681998 5.4e-05 -0.731354 -0.628124 -0.389549 -0.673582 -0.265021 -0.921409 -0.2842 -0.265684 -0.920998 -0.284911 3.6e-05 -1 3.9e-05 -0.481675 -0.707942 -0.516534 -0.482253 -0.707095 -0.517154 4.1e-05 -1 4.4e-05 -0.681998 5.4e-05 -0.731354 -0.012762 0.999848 0.011901 -0.584065 0.30035 0.754094 -0.684709 0.475012 0.552754 0.252779 0.920861 0.296847 0.247653 0.662937 0.706529 0.469355 0.706991 0.529027 0.526133 0.381954 0.7598 0.615292 0.389484 0.68536 0.222552 0.006774 0.974897 0.669134 0 0.743142 0.560786 -0.655422 -0.505906 0.339628 -0.685143 -0.644385 0.481143 -0.026896 -0.876229 0.398237 -0.044624 -0.916196 0.314147 -0.02799 -0.948962 -0.008896 -0.999936 0.007017 0.512978 -0.762078 -0.395083 -0.001763 -0.999998 -0.000468 -0.694703 -5.1e-05 -0.719297 -0.697382 -0.013486 -0.716573 -0.694703 -5.1e-05 -0.719297 -0.914349 -0.117231 0.387585 -0.495655 -0.706665 -0.504926 -0.846837 -0.138483 0.513508 -0.661726 -0.570998 0.485881 0.474805 -0.700304 0.533043 0.465436 -0.71289 0.524554 -0.012753 -0.999848 0.011914 0.605404 -0.005941 0.795896 0.669171 0.00015 0.743108 0.60286 -0.02487 -0.797459 0.693821 -0.720148 0 0.693821 -0.720148 0 0.999308 -0.03719 0 0.999308 -0.03719 0 0 -1 0 -0.000512 -0.999999 0.001626 0 -1 0 -0.001818 -0.999998 -0.000711 -0.193425 -0.974273 0.115665 -0.893506 -0.017411 0.448713 -0.717178 -0.376844 0.586212 -0.15177 0.618499 0.770989 -0.163571 0.957014 0.239518 -0.322389 0.619201 0.716 -0.077503 0.034903 0.996381 -0.529665 0.622274 0.576393 -0.33969 0.940298 0.021243 -0.501129 0.036935 0.864584 -0.245335 0.95543 0.164205 -0.267207 0.044849 0.962595 0.909205 -0.028221 0.415391 0.5133 -0.721828 0.464206 0.654537 -0.024856 0.755621 0.999308 0.03719 -0 0.999308 0.03719 -0 0.693821 0.720147 -0 0.693821 0.720147 -0 0 1 0 -0.000391 0.999999 0.001327 0.04724 0.375548 0.925598 0.726858 0.085215 0.681481 0.042628 0.994519 0.095474 0 1 0 0 1 0 0 1 0 0 1 0 0 1 0 0 1 0 0 1 0 0 1 0 0 1 0 0 1 0 0 1 0 0 1 0 0 1 0 0 1 0 0 1 0 0 1 0 0.245895 0.843689 0.477206 0.061252 0.997904 0.020875 0.060384 0.781226 0.621321 0.481208 0.449282 0.752718 -0.063535 0.983708 0.168172 0.178838 0.27256 0.945372 0.488771 0.815057 0.311102 0.06482 0.997836 0.011012 0.62175 0.782999 -0.018431 0.073973 0.997216 0.009389 0.066305 0.997732 -0.011561 0.084915 0.996264 -0.015768 0.467298 0.437919 -0.768023 0.103361 0.991773 -0.075513 0.884915 0.232671 -0.403472 0.973438 0.183424 0.137015 0.534987 0.844782 0.011498 0.899147 0.236518 0.368231 0.98984 0.142185 -0.000214 -0.001826 0.999998 -0.00071 0.988953 0.083601 0.122408 0.572284 0.71971 0.393076 0.796845 0.02497 0.603668 -0.118938 0.379493 0.917517 -0.033616 0.403207 0.914491 -0.229951 0.428285 0.873896 -0.217368 0.404848 0.888172 -0.32807 0.429061 0.841592 -0.12753 0.429202 0.89416 -0.198544 0.375625 0.905254 -0.036363 0.446297 0.894146 -0.264484 0.372448 0.889568 0.134185 0.398089 0.90748 0.060013 0.482395 0.873896 -0.040388 0.484431 0.873897 -0.138054 0.466099 0.873895 0.965201 0.261509 2.4e-05 -0.015981 0.699124 0.714821 -0.67823 0.73485 -1.2e-05 -0.66357 0.700061 0.263799 -0.808849 0.588017 -1.2e-05 -0.367394 0.891884 0.263752 -0.022043 0.964326 0.263799 -0.328319 0.797026 0.506909 -0.019697 0.861732 0.506982 -0.592973 0.625582 0.506982 -0.266379 0.64666 0.714754 -0.481042 0.507478 0.714887 0.498888 0.250409 0.829702 -0.908173 0.418596 -1.2e-05 -0.876796 0.407143 0.255857 -0.784478 0.372479 0.495837 -0.63557 0.313363 0.705588 -0.435546 0.226757 0.871138 -0.454388 0.363976 0.813052 0.211934 0.977284 -1.2e-05 0.25206 0.932705 0.257927 0.16919 0.846114 0.505437 -0.522236 0.852801 -1.2e-05 0.434993 0.581266 0.687685 0.067521 0.912232 0.404071 0.551017 0.030704 0.833929 0.462952 -0.03214 0.885801 0.373297 -0.840726 -0.392211 0.707067 -0.05191 -0.705239 0.388932 -0.074476 -0.918251 0.193934 -0.841051 -0.504998 0.493279 -0.840711 -0.223342 0.919941 -0.054592 -0.388238 0.541081 -0.840858 -0.013766 0.998081 -0.061914 0.000943 0.503691 -0.840824 0.198269 0.919445 -0.05451 0.389423 0.392211 -0.840725 0.373298 0.705852 -0.05083 0.706533 0.207545 -0.841722 0.498427 0.387904 -0.060512 0.919711 0 -1 0 0 -1 0 0 -1 0 0 -1 0 0 -1 0 0 -1 0 0 -1 0 0 -1 0 0.000819 -0.998891 -0.047077 0 -0.720663 -0.693285 0 -0.720663 0.693285 0.578853 0.055481 0.813542 0.229203 0.0349 0.972753 0.409013 0.062267 0.910402 0.668783 4.1e-05 0.743458 0.669104 3e-06 0.743169 -0.761811 0.338882 0.55209 0.669155 -8.9e-05 0.743123 0.669049 0.013053 0.743103 -0.013858 0.999847 0.010687 -0.72908 0.168847 0.663275 0.476285 0.698551 0.534022 -0.012753 0.999848 0.011914 -0.639697 0.625686 0.446435 -0.694622 -0.00014 -0.719375 -0.889409 0.41801 0.184985 -0.491085 0.710865 -0.503493 -0.996779 0.001946 -0.080179 -0.709567 -0.128751 0.692775 -0.654159 -0.443853 0.61243 -0.68418 -0.136775 0.716373 -0.783582 0.045152 0.619646 -0.778458 -0.006105 0.627668 -0.785867 -0.057189 0.615745 -0.737904 -0.010041 0.674831 -0.744747 -0.093464 0.660769 -0.743979 0.07353 0.664146 -0.707178 -0.013891 0.706899 -0.710703 0.101123 0.696187 -0.724341 -0.309012 0.616313 -0.754859 0.292471 0.587068 -0.728311 0.291567 0.620122 -0.611624 0.54845 0.570192 -0.661643 0.326953 0.674782 -0.685777 0.123135 0.71732 -0.688013 -0.006873 0.725666 -0.757947 -0.293057 0.582781 -0.776812 -0.35234 0.521938 -0.779466 -0.050908 0.624373 -0.826711 -0.028678 0.561896 -0.8258 0.00014 0.563963 -0.65579 0.64368 0.394482 -0.82502 0.028891 0.564365 -0.670787 -0.281454 0.686169 -0.731344 -0.005147 0.681989 -0.011907 0.999868 0.011104 -0.73139 0.007379 0.681919 -0.731344 -0.005147 0.681989 -0.760436 0.20236 0.61708 -0.763933 0.231993 0.602151 -0.801839 0.151529 0.578008 -0.814091 0.187865 0.549511 -0.767066 0.264132 0.584674 -0.721485 0.242101 0.648726 -0.723097 0.274278 0.633958 -0.722558 0.309193 0.618312 -0.834185 0.100625 0.542227 -0.827121 0.069017 0.55777 -0.843693 0.15488 0.513998 -0.677533 0.257868 0.688805 -0.681945 0.399341 0.612763 -0.793305 0.129231 0.594951 -0.756301 0.180772 0.628753 -0.717396 0.223581 0.659814 -0.777525 0.38195 0.499569 -0.768887 0.299981 0.564645 -0.714856 0.359836 0.599582 -0.887692 0.035958 0.459032 -0.207522 0.9211 0.329406 -0.012766 0.999848 0.011905 -0.555566 0.535716 0.635889 -0.622911 0.649028 0.436744 -0.712978 0.663542 0.226658 -0.012766 0.999848 0.011905 -0.374332 0.678823 0.631724 -0.909203 0.416353 0.000398 -0.876891 0.480689 0.00087 0 -1 0 0 -1 0 0 -1 0 0 -1 0 0 -1 0 0 -1 0 0 -1 0 0 -1 0 0 -1 0 0 -1 0 0 -1 0 0 -1 0 0 -1 0 0 -1 0 -0.841985 9e-06 0.539501 -0.873152 0.008502 0.487374 -0.876693 -0.00905 0.480965 0.119635 -0.005462 0.992803 -0.680294 0 0.732939 -0.762456 0 0.64704 -0.573765 -0.318936 0.754369 0.533735 -0.381037 0.754942 -0.29545 -0.361272 0.884416 0.669134 0 0.743142 -0.731402 -0 0.681947 -0.731402 -0 0.681947 -0.731402 -0 0.681947 -0.731402 -0 0.681947 -0.731402 -0 0.681947 -0.731402 -0 0.681947 -0.731402 -0 0.681947 -0.731402 -0 0.681947 -0.731402 -0 0.681947 -0.731402 -0 0.681947 -0.731402 -0 0.681947 -0.731402 -0 0.681947 -0.731402 -0 0.681947 -0.731402 -0 0.681947 -0.731402 -0 0.681947 -0.731402 -0 0.681947 -0.731402 -0 0.681947 -0.731402 -0 0.681947 -0.731402 -0 0.681947 -0.731402 -0 0.681947 -0.731402 -0 0.681947 -0.731402 -0 0.681947 -0.731402 -0 0.681947 -0.731402 -0 0.681947 -0.682006 0 -0.731347 -0.682006 0 -0.731347 0.705738 0.004634 -0.708458 0.705738 0.004634 -0.708458 0.705738 0.004634 -0.708458 0.701965 -0.004602 -0.712197 0.705738 0.004634 -0.708458 0 1 0 0 1 0 0 1 0 0 1 0 0 1 0 0 1 0 0 1 0 0 1 0 0 1 0 0 1 0 0 1 0 0 1 0 0 1 0 0 1 0 0 1 0 0 1 0 0.312694 0.028024 0.94944 0.588963 0.028019 0.807674 0.389527 0.011373 0.920945 0.707097 -0.005296 -0.707097 0.706936 -0.021959 -0.706936 0.706936 -0.021959 0.706936 0.389458 -0.021964 0.920782 0.707097 -0.005296 0.707097 0.389547 -0.005298 0.920991 0.920782 -0.021964 0.389458 0.920991 -0.005298 0.389547 0.999759 -0.021958 0 0.999986 -0.005296 0 0.920782 -0.021964 -0.389458 0.920991 -0.005298 -0.389547 0.707061 0.01137 0.707061 0.920945 0.011373 0.389527 0.999935 0.01137 0 0.920945 0.011373 -0.389527 0.707061 0.01137 -0.707061 0.585221 0.028019 -0.81039 0.808485 0.028019 -0.587849 0.949876 0.028024 -0.311368 0.165521 -0.02799 -0.985809 0.951321 0.028024 0.306924 0.99959 0.028017 -0.005895 0.806859 0.028019 0.590079 0.650165 -0.390291 0.651888 0.841356 -0.400187 0.363278 0.356772 -0.391456 0.848219 -0.001428 -0.389874 0.920867 -0.359789 -0.388825 0.848155 -0.651948 -0.39029 0.650106 -0.855731 -0.362166 0.369541 0.921004 0 0.389552 0.707107 0 0.707107 0.389552 0 0.921004 -0 0 1 -0.389552 0 0.921004 -0.707107 0 0.707107 -0.921004 0 0.389552 -0.46022 -0.887699 -0.013735 -0.675247 -0.737592 0 -0.394874 -0.918735 0 0.617793 -0.786341 0 0.643755 -0.765231 0 0.452047 -0.891994 0 0.851967 -0.523595 0 0.99508 -0.099074 0 0.791235 -0.611512 0 0.269026 -0.963133 0 0.132237 -0.991218 0 0.113849 -0.993462 -0.008499 0.197633 -0.980237 -0.008734 0.132962 -0.987009 -0.090186 0.058835 -0.998268 0 -0.013738 -0.999906 0 -0.033724 -0.999431 0 -0.081333 -0.996687 0 -0.182773 -0.983018 -0.016426 0.066051 -0.997702 0.015083 0.117058 -0.993124 0.001242 0.994951 -0.100047 0.007941 0.771376 -0.636379 0 0.763 -0.646398 0 0.965783 -0.259351 0 0.938392 -0.345573 0 0.900766 -0.434304 0 -0.267555 -0.963543 0 -0.329309 -0.944222 0 -0.807581 -0.589757 0 -0.38367 -0.92347 0 -0.731497 -0.681845 0 -0.909247 -0.416258 0 -0.909247 -0.416258 0 -0.978608 -0.205735 0 -0.784588 -0.620009 0.003106 -1 0 0 -0.791539 -0.61111 0.003216 -1 0 0 -0.978608 0.205735 0 -0.383662 0.923473 0 -0.329309 0.944222 0 -0.909247 0.416258 0 -0.448032 0.893946 -0.011347 -0.033724 0.999431 0 -0.267556 0.963542 0 -0.731496 0.681845 0 -0.204316 0.978905 0 -0.144634 0.989485 0 -0.081333 0.996687 0 0.643755 0.765231 0 -0.013738 0.999906 0 0.055903 0.998436 2e-06 0.724716 0.689047 0 0.74204 0.670355 0 0.632357 0.771823 0.066435 0.99508 0.099074 0 0.82153 0.570165 0 0.885029 0.465535 0 0.932974 0.359943 0 -0.394867 0.918738 0 -0.523102 -0.85227 0 -0.338846 -0.940612 0.020779 -0.002998 0.692304 0.721599 0.012918 0.973185 0.229661 0.169889 0.985452 -0.004757 0.359806 0.919844 -0.156289 0 1 0 0.982875 0 0.184275 0.97514 0 0.221591 0.92708 0 0.374864 -0.044769 0 0.998997 -0.130602 0 0.991435 0.186498 0 0.982455 0.252095 0 0.967703 0.586913 0 0.80965 0.580785 0 0.814057 -0.1008 0 0.994907 0.393514 0 0.919319 0.748961 0 0.662614 0.841276 0 0.540605 0.822051 0 0.569413 0.879943 0 0.475079 0.962773 0 0.27031 0.512725 0.720824 0.466396 0.654588 0.024856 0.755577 0.905182 -0.294437 -0.306517 0.886146 -0.35265 -0.300638 0.854188 -0.240255 -0.461129 0.866278 -0.183852 -0.4645 0.915571 -0.374711 -0.146017 0.88039 -0.453179 -0.139792 0.919058 -0.234898 -0.316473 0.942364 -0.295236 -0.157434 0.844222 -0.282049 -0.455782 0.865354 -0.401126 -0.300435 0.846571 -0.511774 -0.146305 0.874078 -0.115981 -0.471737 0.932241 -0.166065 -0.321481 0.962789 -0.215499 -0.163087 -0.349287 0.034862 -0.936367 -0.349287 0.034862 -0.936367 -0.349287 0.034862 -0.936367 -0.349287 0.034862 -0.936367 0.233258 -0.654678 -0.719018 0.116146 -0.717524 -0.686782 0.108983 -0.994021 -0.006684 0.001589 -0.999998 -0.001432 0.011159 -0.999933 -0.003038 -0.01201 -0.999848 0.012683 -0.694758 -0.011643 -0.71915 -0.241799 -0.877572 0.414005 -0.694644 0.001131 -0.719353 -0.349287 -0.034862 -0.936367 -0.349287 -0.034862 -0.936367 -0.349287 -0.034862 -0.936367 -0.349287 -0.034862 -0.936367 -0.435657 -0.034858 0.899438 -0.84683 -0.033337 0.530818 -0.498643 -0.035049 0.866099 -0.902123 -0.034296 0.430114 -0.999391 -0.034899 1e-06 -0.999266 -0.034897 -0.015796 -0.84683 -0.033337 -0.530817 -0.855691 -0.034442 -0.516339 -0.265033 -0.034723 0.963614 -0.261098 -0.034891 0.964682 -0.077498 -0.034891 0.996382 0.668764 -0.000753 0.743474 0.668932 -0.011717 0.743231 -0.622885 -0.648888 0.436987 -0.013266 -0.999848 0.011345 -0.696888 -0.322755 -0.64045 -0.69461 1.9e-05 -0.719387 -0.296532 -0.641715 0.707298 0.611596 -0.26175 0.746617 -0.76432 -0.238379 0.599159 -0.49648 -0.702924 -0.509318 0.463881 -0.716863 0.520502 0.109729 -0.983624 0.142979 -0.012536 -0.999847 0.012174 -0.503439 -0.55126 0.665328 0.403715 -0.792834 0.45654 0.668866 0.022709 0.743036 0.178837 -0.272559 0.945372 0.060388 -0.78118 0.621379 0.476337 -0.449991 0.755388 -0.063539 -0.983708 0.168171 -0.163574 -0.957014 0.239516 -0.102005 -0.625335 0.773661 0.292367 -0.835567 0.465135 0.807742 -0.270964 -0.523576 0.385854 -0.464825 -0.796903 0.970693 -0.185439 0.152868 0.563699 -0.804763 0.186011 -0.222607 -0.813575 0.537161 -0.251157 -0.351957 0.901691 -0.338615 -0.418818 0.842574 -0.085562 -0.993188 0.079097 -0.47299 -0.670395 0.571709 -0.47299 -0.670395 0.571709 -0.47299 -0.670395 0.571709 -0.47299 -0.670395 0.571709 -0.47299 -0.670395 0.571709 -0.47299 -0.670395 0.571709 -0.47299 -0.670395 0.571709 4.2e-05 -1 1.1e-05 -0.012531 -0.999853 0.011691 -0.499764 -0.444302 0.743527 -0.634355 -0.2885 0.71719 0.610631 0.261855 0.74737 0.669074 -9e-06 0.743196 0.669074 -9e-06 0.743196 0.669074 -9e-06 0.743196 -0.167535 0.602487 0.780347 -0.768135 0.233303 0.59627 -0.847377 0.200841 0.491545 0 1 0 0 1 0 0 1 0 0 1 0 0 1 0 0 1 0 0 1 0 0 1 0 0 1 0 0 1 0 0 1 0 -0.609473 0.640095 0.467784 -0.59702 0.68549 0.416739 -0.408666 0.839361 0.35842 -0.208777 0.960461 0.184193 -0.475169 0.800431 0.365411 -0.307899 0.922271 0.233698 -0.572366 0.656869 0.490837 -0.679131 0.614914 0.400827 -0.426041 0.854604 0.296885 -0.042091 0.998481 0.035555 -0.067883 0.996669 0.0452 0.001482 0.999993 -0.003338 -0.395639 0.832975 0.38681 0.892352 0.419109 -0.167499 0.859674 0.185611 -0.47593 0.881331 0.343292 -0.324663 0.845427 0.262086 -0.465364 0.845506 0.430304 -0.316161 0.908527 0.255612 -0.330515 0.843855 0.511786 -0.161194 0.931271 0.321994 -0.170455 0.874159 0.117877 -0.471117 0.931059 0.171254 -0.322182 0.961348 0.220882 -0.164379 0.819867 0.535696 -0.202108 0.832986 0.358195 -0.4217 -0.694758 0.011718 -0.719148 -0.830522 -0.079439 0.551292 -0.839231 -0.124712 0.529281 -0.731529 3e-05 0.68181 -0.731529 3e-05 0.68181 -0.731532 0.006115 0.681779 -0.731568 3.7e-05 0.681768 -0.731529 3e-05 0.68181 -0.731529 3e-05 0.68181 -0.731542 3.2e-05 0.681796 -0.731529 3e-05 0.68181 -0.73144 -0.007796 0.681861 -0.731529 3e-05 0.68181 -0.012035 -0.999847 0.012658 -0.011703 -0.999872 0.010913 -0.84683 0.033337 -0.530817 -0.824116 0.034594 -0.565364 -0.84683 0.033337 0.530818 -0.925051 0.034297 0.378291 -0.999391 0.034899 1e-06 -0.991348 0.034764 -0.126573 -0.435657 0.034858 0.899438 0 -1 0 0 -1 0 0 -1 0 0 -1 0 0 -1 0 0 -1 0 0 -1 0 -0.098896 -0.995064 -0.008242 0 -1 0 0 -1 0 -0.051684 -0.994037 0.096018 0 -1 0 0 -1 0 0 -1 0 0 -1 0 0 -1 0 0 -1 0 0 -1 0 0 -1 0 0 -1 0 0 -1 0 0 -1 0 0 -1 0 -0.511743 0.634333 -0.579431 -0.676874 0.639719 -0.364145 -0.694448 0.636217 0.336111 -0.778231 -0.150925 -0.609572 -0.960361 -0.237358 -0.146179 -0.712286 0.692525 0.114267 -0.894458 -0.165484 0.415404 0.669169 7.4e-05 0.74311 0.669169 7.4e-05 0.74311 -0.679741 0.359821 0.639126 0.477392 -0.836424 -0.269243 0.407395 -0.900612 -0.151418 0.462452 -0.881837 -0.092206 -0.373927 0.671287 -0.639963 -0.15688 0.034897 -0.987001 -0.255484 0.692656 -0.674504 -0.817238 -0.341253 0.464401 -0.817238 -0.341253 0.464401 -0.817238 -0.341253 0.464401 -0.817238 -0.341253 0.464401 -0.671476 -0.271165 0.68963 -0.713799 -0.337255 0.6138 -0.67153 -0.377445 0.637638 -0.713186 -0.239739 0.658704 -0.756598 -0.283913 0.589027 -0.754403 -0.197669 0.625941 -0.799395 -0.213726 0.561506 -0.794062 -0.144346 0.590449 -0.517121 -0.791343 0.326131 -0.168749 0.912448 0.372776 -0.777348 -0.615129 0.131703 2e-06 -1 -6e-06 -0.697345 -0.716066 0.030968 0.719594 -0.692286 0.054083 0.68425 -0.600353 0.413979 0.583355 -0.587123 0.561234 0.605943 -0.771212 0.195106 0.476245 -0.462263 0.748 0.439785 -0.668298 -0.599972 0.217952 -0.689749 -0.690466 -0.173195 -0.722607 -0.66921 -0.000238 1 0 0.671033 0.741428 0 0 1 0 0 1 0 -0.000221 1 4e-06 0 1 0 -0.389768 -0.857654 0.335426 -0.449239 -0.822344 0.349192 -0.002979 -0.999992 0.002516 -0.510371 -0.782149 0.35744 -0.734077 -0.496379 0.463399 -0.426183 -0.804984 0.412758 -0.357532 -0.744872 -0.563327 -0.547659 -0.705305 -0.450128 -0.707358 -0.613011 -0.351939 -0.645379 -0.650761 -0.399995 -0.001192 -0.999999 0.000862 0.030332 -0.936546 0.34923 -0.694758 0.011715 -0.719148 -0.740066 0.008124 -0.672486 -0.731344 -0.005144 0.681989 -0.728357 -0.090392 0.67921 -0.731344 -0.005144 0.681989 -0.558374 0.227719 0.797723 -0.698517 0.248488 -0.671065 -0.52922 0.581755 0.617647 -0.444899 0.178246 0.877663 -0.49568 -0.868108 0.026259 -0.46155 -0.706318 0.536737 -0.626719 -0.766368 0.141081 -0.341793 -0.790035 0.508942 -0.292214 -0.951683 -0.094394 -0.148025 -0.904394 0.400201 0.144478 -0.930636 0.33622 -0.022866 -0.980979 -0.192763 -0.785515 -0.566669 0.248702 -0.012763 -0.999848 0.011901 0 1 0 0 1 0 0 1 0 0 1 0 0 1 0 0 1 0 0 1 0 0 1 0 0 1 0 0 1 0 0 1 0 0 1 0 0 1 0 0 1 0 0 1 0 -0.070372 0.799566 0.596441 -0.112897 0.830158 0.545978 0.743035 -0.000621 0.669253 0.909205 0.028221 0.415391 -0.180886 -0.706443 -0.684265 -0.112602 -0.078309 -0.99055 -0.044885 -0.833009 -0.551436 0.117436 -0.881713 -0.456937 0.203328 -0.338053 -0.9189 -0.51184 -0.634299 -0.579384 -0.681324 -0.639535 -0.356078 -0.543708 -0.616467 0.569517 -0.71852 -0.62803 0.298843 -0.720525 -0.692753 0.030613 -0.810366 0.167979 -0.561329 -0.971369 0.236859 -0.018461 -0.870952 0.148226 0.468479 -0.373917 -0.671353 -0.6399 -0.26503 0.921403 -0.284211 -0.265684 0.920998 -0.284911 -0.481675 0.707942 -0.516534 -0.628124 0.389549 -0.673582 -0.627861 0.390459 -0.6733 -0.482253 0.707095 -0.517154 0.252769 -0.92086 0.296857 0.469337 -0.706991 0.529043 0.615282 -0.389484 0.685369 -0.731529 -3e-05 0.68181 -0.731576 -0.005255 0.68174 -0.731534 0.000114 0.681805 -0.731529 -3e-05 0.68181 -0.731542 -3.2e-05 0.681797 -0.731529 -3e-05 0.68181 -0.731569 -3.7e-05 0.681768 0.989168 -0.000212 -0.146788 0.950887 0.086298 -0.297266 0.980336 0.069813 -0.184576 0.950634 -0.088407 -0.297456 0.980516 -0.070477 -0.183359 0.985246 -0.114121 -0.127544 0.892669 -0.000884 -0.450712 0.883657 0.056076 -0.464765 0.959929 -0.001009 -0.280242 0.88346 -0.058012 -0.464902 0.985518 0.111939 -0.127372 0.515088 0.84819 -0.123528 0.342749 0.939427 0.000954 0.323249 0.946314 0.000293 0.055809 0.954216 0.293866 0.133996 0.616871 0.775575 0.265925 0.728802 0.630977 0.41195 0.710013 0.571121 0.173728 0.954205 0.243538 0.117497 0.954209 0.275099 0.722637 0.691227 -0.001196 -0.381072 0.556962 0.737955 -0.409923 0.575553 0.707603 0.031722 -0.938136 0.344812 0.163735 -0.353658 0.920933 -0.024849 -0.823925 0.566154 0.037508 -0.823661 0.565841 -0.036378 -0.35737 0.933254 3e-06 -1 4.5e-05 -0.000706 -1 0.000226 -0.086945 -0.823629 0.560425 0.064599 -0.354911 0.932666 -0.139209 -0.355177 0.924375 0.22592 -0.413086 0.882224 0.268805 -0.404385 0.874195 0.180206 -0.384674 0.905291 0.101377 -0.442463 0.891038 0.108552 -0.473781 0.873927 -0.057044 -0.450383 0.891011 -0.208488 -0.403217 0.891038 -0.052903 -0.417688 0.907049 -0.193353 -0.373945 0.907072 0.092914 -0.397951 0.91269 -0.04869 -0.384425 0.921871 -0.418871 -0.415273 0.807524 -0.223246 -0.431756 0.873927 -0.061082 -0.482259 0.873897 -0.433502 -0.120759 0.893025 -0.40951 0.003464 0.912299 -0.454367 -0.144551 0.879008 -0.435898 0.116184 0.892465 -0.443846 0.122294 0.887719 -0.521246 -0.160468 0.838184 -0.500363 -0.010859 0.865748 -0.512742 0.13297 0.848183 -0.607049 0.166689 0.776985 -0.625595 0.252848 0.738037 -0.617144 -0.191883 0.763095 -0.612368 -0.001994 0.790571 -0.464557 -0.190215 0.864873 -0.694692 -0.026338 -0.718825 -0.731182 -0.008023 0.682136 -0.7313 2.6e-05 0.682056 -0.731336 8e-06 0.682017 -0.731239 5.6e-05 0.682121 -0.731281 -0.000768 0.682076 -0.731225 6.2e-05 0.682136 0.472487 0.70441 0.529682 0.403362 0.79323 0.456164 0.109567 0.983666 0.142814 -0.012938 0.999847 0.011738 -0.484572 0.720364 -0.496252 -0.478087 -0.087956 0.873897 -0.478086 0.087959 0.873898 -0.699381 -0 0.714749 -0.942075 -0.207203 0.263745 -0.964593 -1e-06 0.263743 -0.942075 0.207202 0.263745 -0.862005 -0 0.5069 -0.841881 0.185165 0.506903 -0.841881 -0.185166 0.506903 -0.683052 0.150232 0.714752 -0.683052 -0.150233 0.714752 -0.643848 -0.248055 0.723829 -0.565642 -0.215221 0.796071 -0.565534 0.215266 0.796135 -0.643745 0.247999 0.72394 -0.66158 -0.335492 0.670639 -0.638079 -0.285278 0.715173 -0.557483 -0.37296 0.741697 -0.41405 -0.410147 0.812615 -0.522224 -0.308648 0.794996 -0.601881 -0.328657 0.727821 -0.536116 -0.257344 0.803961 -0.421 -0.218864 0.88026 0 -1 0 0 -1 0 0 -1 0 0 -1 0 0 -1 0 0 -1 0 0 -1 0 0 -1 0 0 -1 0 0 -1 0 0 -1 0 0 -1 0 0 -1 0 0 -1 0 -0.731193 0.008572 0.682116 -0.7313 -2.6e-05 0.682056 -0.731337 -8e-06 0.682017 -0.731239 -5.6e-05 0.682121 -0.731282 0.000792 0.682074 -0.731225 -6.2e-05 0.682136 -0.731239 -5.6e-05 0.682121 -0.728274 0.090193 0.679324 -0.731239 -5.6e-05 0.682121 0.961774 -0.255236 0.099227 0.909873 -1e-06 0.414888 0.909873 -1e-06 0.414888 0.909873 -1e-06 0.414888 0.909873 -1e-06 0.414888 0.572864 -0.719947 0.391794 0.566679 -0.822353 0.051102 0.905214 -0.060641 0.420607 0.671033 -0.741428 0 0 0 -1 0 0 -1 0 0 -1 0 0 -1 0 0 -1 0 0 -1 0 0 -1 0 0 -1 0 0 -1 0 0 -1 0 0 -1 0 0 -1 0 0 -1 0 0 -1 0 0 -1 0 0 -1 0 0 -1 0 0 -1 0 0 -1 0.11746 0.881691 -0.456972 0.012508 0.873138 -0.487312 -0.09018 0.810269 -0.579079 0.2713 0.386391 -0.881532 0.079686 0.222557 -0.971658 0.671394 -0.275458 -0.688006 0.671394 -0.275458 -0.688006 0.671394 -0.275458 -0.688006 -0.66847 0.323361 0.669766 -0.654347 0.350254 0.670188 -0.634796 0.277452 0.721148 -0.322388 -0.619211 0.715991 -0.245334 -0.955431 0.164205 -0.526926 -0.716936 -0.456455 -3.4e-05 -1 -3e-05 -0.616659 -0.716933 -0.325176 -0.674301 -0.716936 -0.176975 -3.3e-05 -1 -9e-06 -3.5e-05 -1 -1.8e-05 0.57671 -0.81617 -0.035681 0.576819 -0.816025 -0.037184 0.576819 -0.816025 -0.037184 0.576819 -0.816025 -0.037184 0.32166 -0.86022 -0.395673 0.452842 -0.867494 0.205882 -0.093479 -0.693102 0.714752 0.333569 -0.904998 0.264029 -0.128928 -0.955936 0.263748 -0.561405 -0.784292 0.264029 -0.115216 -0.854267 0.506905 -0.501589 -0.700728 0.507336 0.298028 -0.808573 0.507336 -0.406841 -0.568365 0.715152 0.241732 -0.655838 0.715152 0.436848 -0.497405 0.749501 0.375271 -0.472321 0.797549 -0.633121 -0.311655 0.70854 -0.783365 -0.371652 0.49821 -0.876508 -0.406908 0.257217 -0.373295 -0.84073 0.392205 -0.270034 -0.720753 0.638433 -0.493188 -0.840775 0.2233 -0.693285 -0.720663 0 -0.503611 -0.840879 -0.198242 -0.392205 -0.840731 -0.373292 -0.207554 -0.84171 -0.498444 0 -1 0 0 -1 0 0.974388 -0.000118 0.224875 0.999827 -0.000146 0.018617 -0.609364 -0.14995 0.778582 -0.60812 -0.007747 0.793807 -0.613045 0.134589 0.778499 -0.554158 0.343829 0.758083 -0.554158 0.343829 0.758083 -0.550559 0.345096 0.760127 -0.555344 0.343552 0.757341 -0.523641 0.426448 0.737524 -0.261098 0.034891 0.964682 0.989037 0.026248 -0.14532 0.034448 -0.982427 -0.183444 0.964029 -0.016145 -0.265307 -0.075714 0.147409 -0.986174 0.076419 -0.975678 -0.205458 -0.067084 -0.898326 -0.434177 0 0 -1 0.843798 0.148912 0.515587 0.500061 5.2e-05 -0.86599 0.101356 -0.993815 0.045366 0.143037 -0.989671 0.009594 0.033353 -0.998217 0.049507 0.201091 -0.897113 0.393384 2e-06 -0.896948 0.442135 -0.041392 -0.995771 0.082021 -0.000187 -0.381073 0.924545 -0.466375 0.066693 0.882069 0.418793 -0.374685 0.827178 -0.646746 -0.684543 0.336335 -0.878247 0.130864 0.459952 -0.091077 -0.993903 0.062141 -0.047641 -0.997561 0.051019 -0.016016 -0.993543 0.112317 0.019466 -0.996069 0.086414 0.070615 0.000849 -0.997503 0.543831 0 -0.839195 0.50642 -0.376414 -0.775791 0.863221 0.080418 -0.498381 0.931176 -0.360757 -0.052592 0.99868 0 -0.051372 0.868695 0.131103 0.477682 -0.255189 0.011851 0.966819 0.60128 -0.674152 0.42893 0.077812 -0.992443 0.094883 0.424032 -0.867353 -0.260568 0.441611 -0.896923 -0.022561 0.050726 -0.995886 -0.075089 0.019963 -0.997656 -0.065458 0.097032 -0.99398 0.050881 0.058403 -0.998285 0.004052 0.083253 -0.996191 -0.025938 0.088112 -0.993709 -0.069128 0.965906 0 -0.258892 0.382337 -0.034258 0.923388 0.372938 -0.917399 0.138914 0.866026 0 0.499999 -0.044279 -0.998459 0.033456 -0.027724 -0.998462 0.04802 -0.022494 -0.999685 0.011122 -0.019221 -0.999618 -0.019873 0.003419 -0.999615 -0.027552 -0.014368 -0.998458 -0.053619 0.006834 -0.998459 -0.055074 -0.033456 -0.998459 -0.044279 -0.048074 -0.998458 -0.027755 -0.055074 -0.998459 -0.006834 -0.053619 -0.998458 0.014368 -0.021536 -0.996532 -0.080371 0.010243 -0.996534 -0.082552 -0.050148 -0.996534 -0.06637 -0.072059 -0.996532 -0.041603 -0.082552 -0.996534 -0.010243 -0.080371 -0.996532 0.021536 -0.06637 -0.996534 0.050148 0 -1 0 -0.191693 -0.971703 -0.138009 -0.130292 -0.988713 0.073964 -0.015267 -0.980067 0.198082 -0.098016 -0.993862 0.051305 0.027724 -0.998462 -0.04802 -0.131255 -0.991316 -0.00807 -0.142152 -0.986744 -0.07829 -0.069303 -0.991861 -0.106817 -0.500096 1.5e-05 -0.86597 -0.197475 -0.376436 0.905152 -0.985409 -0.118991 -0.121699 -0.852443 0.133907 0.505381 0.237784 0.038363 0.97056 0.40197 -0.000797 0.915652 -0.86602 0 0.500009 -0.965905 0 -0.258898 0.021536 -0.996532 0.080371 -0.010243 -0.996534 0.082552 0.044279 -0.998459 -0.033456 0.022494 -0.999685 -0.011122 0.019221 -0.999618 0.019873 -0.003419 -0.999615 0.027552 0.014368 -0.998458 0.053619 -0.006834 -0.998459 0.055074 0.033456 -0.998459 0.044279 0.048074 -0.998458 0.027755 0.055074 -0.998459 0.006834 0.053619 -0.998458 -0.014368 0.050148 -0.996534 0.06637 0.072059 -0.996532 0.041603 0.082552 -0.996534 0.010243 0.080371 -0.996532 -0.021536 0.06637 -0.996534 -0.050148 -0.863188 0.080833 -0.498369 -0.511208 -0.35916 -0.780814 -0.92491 -0.376801 -0.050624</float_array>
					<technique_common>
						<accessor count="1200" source="#base2_M1KShape0.normals-array" stride="3">
							<param name="X" type="float"/>
							<param name="Y" type="float"/>
							<param name="Z" type="float"/>
						</accessor>
					</technique_common>
				</source>
				<vertices id="base2_M1KShape0.vertices">
					<input semantic="POSITION" source="#base2_M1KShape0.positions"/>
				</vertices>
				<triangles count="1828" material="blinn20.material">
					<input offset="0" semantic="VERTEX" source="#base2_M1KShape0.vertices" set="0"/>
					<input offset="1" semantic="NORMAL" source="#base2_M1KShape0.normals" set="0"/>
					<p>0 0 2 2 1 1 2 2 3 3 1 1 4 4 6 6 5 5 7 7 6 6 4 4 8 8 6 6 7 7 9 9 6 6 8 8 10 10 11 11 6 6 12 12 10 10 6 6 9 9 12 12 6 6 13 13 12 12 9 9 14 14 13 13 9 9 15 15 5 5 6 6 11 11 15 15 6 6 16 16 9 9 8 8 14 14 9 9 16 16 17 17 19 19 18 18 20 20 18 18 21 21 22 22 23 23 17 17 23 23 19 19 17 17 24 24 25 25 22 22 23 23 22 22 25 25 20 20 21 21 26 26 19 19 21 21 18 18 27 27 26 26 21 21 28 28 30 30 29 29 25 25 24 24 31 31 31 31 29 29 30 30 29 29 31 31 24 24 32 32 33 33 28 28 33 33 30 30 28 28 34 34 36 36 35 35 37 37 39 39 38 38 40 40 38 38 39 39 41 41 42 42 37 37 39 39 37 37 42 42 43 43 44 44 41 41 42 42 41 41 44 44 45 45 46 46 43 43 44 44 43 43 46 46 47 47 48 48 45 45 46 46 45 45 48 48 35 35 49 49 47 47 48 48 47 47 49 49 36 36 50 50 35 35 49 49 35 35 51 51 50 50 51 51 35 35 52 52 49 49 51 51 40 40 53 53 38 38 54 54 53 53 40 40 55 55 56 56 38 38 55 55 38 38 53 53 37 37 38 38 57 57 41 41 37 37 58 58 56 56 57 57 38 38 58 58 59 59 41 41 57 57 58 58 37 37 41 41 59 59 43 43 43 43 60 60 45 45 60 60 43 43 59 59 61 61 34 34 47 47 47 47 45 45 61 61 61 61 45 45 60 60 35 35 47 47 34 34 49 49 63 63 62 62 52 52 63 63 49 49 48 48 62 62 64 64 49 49 62 62 48 48 46 46 64 64 65 65 48 48 64 64 46 46 44 44 65 65 66 66 46 46 65 65 44 44 42 42 66 66 67 67 44 44 66 66 42 42 39 39 67 67 68 68 42 42 67 67 39 39 40 40 68 68 69 69 39 39 68 68 40 40 54 54 69 69 70 70 40 40 69 69 54 54 71 71 73 73 72 72 74 74 76 76 75 75 77 77 75 75 78 78 76 76 74 74 79 79 76 76 80 80 75 75 80 80 81 81 75 75 75 75 81 81 78 78 82 82 83 83 78 78 82 82 78 78 81 81 83 83 84 84 78 78 84 84 85 85 78 78 85 85 86 86 78 78 87 87 89 89 88 88 88 88 90 90 87 87 78 78 89 89 77 77 89 89 78 78 88 88 86 86 88 88 78 78 91 91 92 92 77 77 91 91 77 77 89 89 92 92 93 93 77 77 75 75 77 77 93 93 87 87 90 90 94 94 95 95 94 94 96 96 97 97 94 94 90 90 96 96 98 98 95 95 97 97 96 96 94 94 98 98 99 99 95 95 100 100 102 102 101 101 102 102 100 100 103 103 95 95 99 99 100 100 104 104 100 100 105 105 105 105 100 100 99 99 104 104 103 103 100 100 106 106 107 107 101 101 106 106 101 101 102 102 101 101 107 107 108 108 109 109 110 110 108 108 109 109 108 108 107 107 110 110 111 111 108 108 75 75 93 93 74 74 112 112 113 113 74 74 112 112 74 74 93 93 113 113 114 114 74 74 114 114 73 73 115 115 114 114 116 116 74 74 79 79 74 74 116 116 117 117 72 72 73 73 116 116 114 114 115 115 71 71 115 115 73 73 58 58 118 118 59 59 58 58 57 57 119 119 120 120 121 121 56 56 119 119 122 122 58 58 121 121 119 119 57 57 123 123 118 118 122 122 58 58 122 122 118 118 124 124 120 120 55 55 57 57 56 56 121 121 124 124 55 55 125 125 56 56 55 55 120 120 125 125 127 127 126 126 127 127 125 125 55 55 128 128 130 130 129 129 128 128 126 126 127 127 131 131 133 133 132 132 126 126 128 128 129 129 133 133 129 129 130 130 131 131 132 132 134 134 130 130 132 132 133 133 135 135 137 137 136 136 135 135 134 134 132 132 138 138 140 140 139 139 134 134 135 135 136 136 140 140 136 136 137 137 139 139 50 50 141 141 137 137 139 139 140 140 36 36 142 142 50 50 138 138 139 139 141 141 142 142 141 141 50 50 143 143 145 145 144 144 146 146 148 148 147 147 147 147 150 150 149 149 151 151 147 147 148 148 150 150 145 145 143 143 146 146 147 147 149 149 143 143 149 149 150 150 152 152 144 144 145 145 153 153 155 155 154 154 156 156 153 153 154 154 156 156 154 154 157 157 158 158 156 156 157 157 158 158 157 157 159 159 160 160 158 158 159 159 160 160 159 159 161 161 162 162 160 160 161 161 163 163 165 165 164 164 166 166 167 167 164 164 165 165 166 166 164 164 163 163 164 164 168 168 21 21 163 163 27 27 163 163 168 168 169 169 169 169 27 27 163 163 170 170 169 169 168 168 171 171 173 173 172 172 174 174 172 172 173 173 172 172 174 174 175 175 176 176 177 177 175 175 176 176 175 175 174 174 178 178 180 180 179 179 179 179 181 181 178 178 175 175 177 177 180 180 179 179 180 180 177 177 182 182 178 178 181 181 165 165 163 163 183 183 184 184 186 186 185 185 187 187 186 186 184 184 188 188 185 185 189 189 184 184 185 185 188 188 189 189 191 191 190 190 188 188 189 189 190 190 192 192 194 194 193 193 195 195 197 197 196 196 198 198 197 197 195 195 199 199 200 200 197 197 201 201 199 199 197 197 202 202 196 196 197 197 200 200 202 202 197 197 203 203 197 197 198 198 201 201 197 197 203 203 204 204 206 206 205 205 186 186 204 204 205 205 185 185 205 205 189 189 186 186 205 205 185 185 207 207 186 186 187 187 208 208 186 186 207 207 208 208 207 207 209 209 210 210 208 208 209 209 210 210 209 209 211 211 212 212 210 210 211 211 213 213 215 215 214 214 216 216 218 218 217 217 218 218 220 220 219 219 219 219 221 221 218 218 220 220 222 222 219 219 222 222 223 223 219 219 223 223 224 224 219 219 224 224 225 225 219 219 226 226 227 227 225 225 226 226 228 228 227 227 219 219 225 225 227 227 228 228 229 229 227 227 230 230 231 231 229 229 227 227 229 229 231 231 221 221 217 217 218 218 232 232 234 234 233 233 235 235 234 234 232 232 195 195 196 196 234 234 198 198 195 195 234 234 236 236 233 233 234 234 196 196 236 236 234 234 237 237 234 234 235 235 198 198 234 234 237 237 232 232 233 233 238 238 235 235 232 232 238 238 239 239 241 241 240 240 242 242 239 239 240 240 238 238 242 242 240 240 243 243 242 242 238 238 233 233 243 243 238 238 241 241 245 245 244 244 246 246 241 241 244 244 240 240 241 241 246 246 247 247 240 240 246 246 238 238 240 240 247 247 235 235 238 238 247 247 248 248 250 250 249 249 251 251 248 248 249 249 250 250 252 252 249 249 253 253 249 249 254 254 251 251 249 249 253 253 213 213 256 256 255 255 257 257 259 259 258 258 258 258 261 261 260 260 260 260 255 255 262 262 256 256 262 262 255 255 260 260 261 261 255 255 259 259 263 263 258 258 258 258 263 263 261 261 262 262 256 256 264 264 264 264 265 265 262 262 213 213 264 264 256 256 265 265 266 266 262 262 260 260 262 262 267 267 267 267 257 257 260 260 266 266 267 267 262 262 258 258 260 260 257 257 252 252 250 250 268 268 266 266 269 269 267 267 270 270 272 272 271 271 273 273 275 275 274 274 276 276 274 274 275 275 271 271 277 277 273 273 275 275 273 273 277 277 275 275 278 278 276 276 269 269 276 276 278 278 277 277 279 279 275 275 278 278 275 275 279 279 265 265 280 280 269 269 272 272 281 281 271 271 281 281 282 282 271 271 282 282 283 283 271 271 271 271 283 283 277 277 277 277 284 284 279 279 284 284 277 277 283 283 285 285 286 286 279 279 285 285 279 279 284 284 278 278 279 279 259 259 257 257 278 278 259 259 257 257 267 267 278 278 269 269 280 280 276 276 287 287 233 233 288 288 274 274 276 276 289 289 289 289 276 276 280 280 11 11 287 287 288 288 236 236 274 274 233 233 273 273 274 274 196 196 289 289 288 288 274 274 233 233 274 274 288 288 196 196 202 202 273 273 236 236 196 196 274 274 202 202 200 200 273 273 200 200 290 290 273 273 270 270 271 271 290 290 273 273 290 290 271 271 278 278 267 267 269 269 265 265 269 269 266 266 15 15 11 11 291 291 5 5 15 15 291 291 292 292 280 280 293 293 291 291 292 292 293 293 288 288 292 292 291 291 11 11 288 288 291 291 291 291 293 293 294 294 5 5 291 291 294 294 295 295 297 297 296 296 298 298 297 297 295 295 299 299 296 296 300 300 295 295 296 296 299 299 301 301 300 300 302 302 299 299 300 300 301 301 303 303 302 302 304 304 301 301 302 302 303 303 305 305 304 304 306 306 303 303 304 304 305 305 307 307 306 306 308 308 305 305 306 306 307 307 309 309 310 310 298 298 295 295 309 309 298 298 311 311 309 309 295 295 299 299 311 311 295 295 312 312 311 311 299 299 301 301 312 312 299 299 313 313 312 312 301 301 303 303 313 313 301 301 314 314 313 313 303 303 305 305 314 314 303 303 315 315 314 314 305 305 307 307 315 315 305 305 316 316 315 315 307 307 317 317 316 316 307 307 318 318 108 108 297 297 298 298 318 318 297 297 318 318 298 298 310 310 319 319 308 308 92 92 307 307 308 308 319 319 317 317 307 307 319 319 214 214 280 280 264 264 293 293 280 280 320 320 293 293 320 320 294 294 214 214 320 320 280 280 4 4 5 5 321 321 322 322 294 294 320 320 4 4 321 321 7 7 294 294 322 322 5 5 321 321 5 5 322 322 8 8 7 7 321 321 323 323 325 325 324 324 326 326 323 323 327 327 324 324 327 327 323 323 328 328 325 325 326 326 323 323 326 326 325 325 329 329 330 330 324 324 329 329 332 332 331 331 327 327 324 324 330 330 333 333 335 335 334 334 330 330 329 329 331 331 335 335 331 331 332 332 336 336 333 333 334 334 332 332 334 334 335 335 337 337 339 339 338 338 329 329 325 325 340 340 341 341 343 343 342 342 344 344 342 342 343 343 340 340 345 345 341 341 343 343 341 341 345 345 343 343 346 346 344 344 337 337 344 344 346 346 345 345 347 347 343 343 346 346 343 343 347 347 344 344 337 337 348 348 325 325 349 349 340 340 340 340 349 349 345 345 345 345 350 350 347 347 350 350 345 345 349 349 351 351 352 352 347 347 351 351 347 347 350 350 352 352 353 353 347 347 353 353 354 354 347 347 346 346 347 347 354 354 337 337 346 346 339 339 342 342 344 344 355 355 338 338 348 348 337 337 355 355 356 356 342 342 348 348 355 355 344 344 356 356 357 357 342 342 357 357 177 177 342 342 177 177 176 176 342 342 174 174 358 358 176 176 342 342 358 358 341 341 342 342 176 176 358 358 341 341 359 359 340 340 359 359 341 341 358 358 360 360 336 336 361 361 361 361 340 340 359 359 336 336 334 334 361 361 334 334 332 332 361 361 332 332 329 329 361 361 340 340 361 361 329 329 362 362 338 338 339 339 354 354 339 339 346 346 363 363 365 365 364 364 366 366 364 364 365 365 328 328 363 363 364 364 367 367 369 369 368 368 368 368 369 369 370 370 368 368 370 370 371 371 372 372 367 367 368 368 372 372 368 368 373 373 373 373 368 368 371 371 373 373 371 371 374 374 375 375 369 369 376 376 370 370 369 369 375 375 377 377 370 370 375 375 373 373 378 378 372 372 379 379 378 378 373 373 374 374 379 379 373 373 380 380 376 376 369 369 367 367 380 380 369 369 381 381 380 380 367 367 372 372 381 381 367 367 382 382 381 381 372 372 378 378 382 382 372 372 383 383 370 370 377 377 384 384 370 370 383 383 371 371 370 370 384 384 385 385 371 371 384 384 374 374 371 371 385 385 379 379 374 374 385 385 360 360 386 386 155 155 387 387 389 389 388 388 390 390 392 392 391 391 388 388 393 393 387 387 389 389 352 352 388 388 352 352 351 351 388 388 360 360 155 155 364 364 325 325 328 328 349 349 155 155 153 153 364 364 364 364 153 153 328 328 394 394 391 391 395 395 391 391 392 392 395 395 350 350 328 328 351 351 388 388 351 351 153 153 153 153 395 395 388 388 328 328 153 153 351 351 392 392 388 388 395 395 350 350 349 349 328 328 396 396 398 398 397 397 399 399 400 400 151 151 401 401 402 402 396 396 148 148 399 399 151 151 400 400 403 403 151 151 403 403 404 404 151 151 396 396 151 151 405 405 405 405 406 406 396 396 404 404 405 405 151 151 401 401 396 396 407 407 406 406 407 407 396 396 402 402 408 408 396 396 408 408 398 398 396 396 409 409 397 397 398 398 386 386 411 411 410 410 412 412 193 193 410 410 413 413 161 161 414 414 193 193 194 194 410 410 410 410 194 194 415 415 415 415 416 416 414 414 416 416 415 415 194 194 417 417 413 413 418 418 418 418 414 414 416 416 414 414 418 418 413 413 159 159 157 157 161 161 410 410 415 415 155 155 415 415 414 414 154 154 157 157 154 154 161 161 414 414 161 161 154 154 155 155 386 386 410 410 154 154 155 155 415 415 162 162 161 161 419 419 413 413 419 419 161 161 420 420 422 422 421 421 423 423 425 425 424 424 424 424 427 427 426 426 427 427 424 424 425 425 426 426 429 429 428 428 429 429 426 426 427 427 428 428 431 431 430 430 431 431 428 428 429 429 430 430 433 433 432 432 433 433 430 430 431 431 432 432 435 435 434 434 435 435 432 432 433 433 436 436 434 434 437 437 438 438 434 434 435 435 439 439 436 436 440 440 438 438 437 437 434 434 441 441 439 439 442 442 437 437 440 440 436 436 421 421 441 441 420 420 440 440 442 442 439 439 443 443 421 421 422 422 442 442 420 420 441 441 144 144 152 152 444 444 445 445 444 444 152 152 21 21 19 19 183 183 446 446 23 23 447 447 448 448 447 447 449 449 19 19 23 23 450 450 447 447 25 25 449 449 25 25 447 447 23 23 31 31 449 449 25 25 450 450 183 183 19 19 446 446 450 450 23 23 451 451 453 453 452 452 453 453 455 455 454 454 454 454 456 456 453 453 455 455 457 457 454 454 457 457 458 458 454 454 458 458 459 459 454 454 459 459 460 460 454 454 460 460 461 461 454 454 462 462 454 454 461 461 456 456 463 463 453 453 463 463 464 464 453 453 464 464 465 465 453 453 465 465 466 466 453 453 466 466 452 452 453 453 467 467 469 469 468 468 470 470 471 471 450 450 472 472 474 474 473 473 475 475 473 473 474 474 476 476 477 477 472 472 474 474 472 472 477 477 478 478 479 479 476 476 477 477 476 476 479 479 480 480 481 481 478 478 479 479 478 478 481 481 471 471 470 470 480 480 481 481 480 480 470 470 474 474 482 482 475 475 469 469 475 475 482 482 477 477 483 483 474 474 482 482 474 474 483 483 479 479 484 484 477 477 483 483 477 477 484 484 481 481 485 485 479 479 484 484 479 479 485 485 470 470 486 486 481 481 485 485 481 481 486 486 475 475 469 469 93 93 450 450 446 446 470 470 183 183 450 450 471 471 470 470 446 446 486 486 447 447 487 487 486 486 447 447 486 486 446 446 487 487 488 488 486 486 489 489 485 485 488 488 486 486 488 488 485 485 485 485 489 489 484 484 475 475 93 93 473 473 112 112 93 93 469 469 92 92 308 308 473 473 92 92 473 473 93 93 472 472 473 473 306 306 472 472 306 306 476 476 308 308 306 306 473 473 476 476 304 304 478 478 304 304 476 476 306 306 480 480 478 478 300 300 302 302 478 478 304 304 471 471 480 480 296 296 302 302 300 300 478 478 296 296 297 297 166 166 300 300 296 296 480 480 297 297 108 108 167 167 166 166 165 165 296 296 167 167 166 166 297 297 471 471 296 296 183 183 165 165 183 183 296 296 490 490 167 167 111 111 108 108 111 111 167 167 483 483 484 484 491 491 492 492 484 484 489 489 482 482 483 483 493 493 492 492 491 491 484 484 493 493 468 468 482 482 491 491 493 493 483 483 482 482 468 468 469 469 112 112 469 469 467 467 128 128 495 495 494 494 127 127 495 495 128 128 130 130 494 494 496 496 128 128 494 494 130 130 132 132 496 496 497 497 130 130 496 496 132 132 135 135 497 497 498 498 132 132 497 497 135 135 137 137 498 498 499 499 135 135 498 498 137 137 139 139 499 499 500 500 137 137 499 499 139 139 53 53 54 54 495 495 127 127 53 53 495 495 53 53 127 127 55 55 51 51 500 500 52 52 139 139 500 500 51 51 50 50 139 139 51 51 495 495 70 70 501 501 54 54 70 70 495 495 494 494 501 501 502 502 495 495 501 501 494 494 496 496 502 502 503 503 494 494 502 502 496 496 497 497 503 503 504 504 496 496 503 503 497 497 498 498 504 504 505 505 497 497 504 504 498 498 499 499 505 505 506 506 498 498 505 505 499 499 500 500 506 506 507 507 499 499 506 506 500 500 52 52 507 507 63 63 500 500 507 507 52 52 508 508 510 510 509 509 511 511 513 513 512 512 514 514 516 516 515 515 517 517 518 518 513 513 512 512 513 513 519 519 520 520 513 513 518 518 519 519 521 521 512 512 520 520 519 519 513 513 521 521 522 522 512 512 522 522 523 523 512 512 524 524 512 512 525 525 526 526 524 524 525 525 523 523 525 525 512 512 527 527 528 528 517 517 518 518 517 517 528 528 515 515 529 529 514 514 530 530 512 512 516 516 531 531 511 511 530 530 511 511 512 512 530 530 515 515 516 516 512 512 529 529 532 532 514 514 533 533 534 534 532 532 514 514 532 532 534 534 526 526 535 535 524 524 509 509 537 537 536 536 536 536 538 538 509 509 537 537 540 540 539 539 537 537 539 539 536 536 536 536 539 539 535 535 524 524 535 535 539 539 540 540 541 541 539 539 542 542 544 544 543 543 545 545 542 542 543 543 539 539 544 544 546 546 544 544 539 539 543 543 541 541 543 543 539 539 547 547 394 394 546 546 547 547 546 546 544 544 394 394 395 395 546 546 548 548 549 549 270 270 281 281 272 272 550 550 548 548 270 270 551 551 552 552 554 554 553 553 553 553 555 555 552 552 546 546 395 395 554 554 554 554 272 272 549 549 549 549 553 553 554 554 270 270 549 549 272 272 550 550 272 272 395 395 554 554 395 395 272 272 555 555 556 556 552 552 556 556 557 557 552 552 552 552 557 557 558 558 559 559 560 560 558 558 559 559 558 558 557 557 560 560 245 245 558 558 245 245 241 241 558 558 241 241 239 239 13 13 10 10 12 12 242 242 561 561 562 562 14 14 558 558 241 241 13 13 12 12 13 13 239 239 561 561 14 14 563 563 562 562 565 565 564 564 564 564 558 558 562 562 558 558 13 13 562 562 14 14 562 562 13 13 565 565 566 566 564 564 566 566 567 567 564 564 268 268 250 250 567 567 564 564 567 567 250 250 242 242 243 243 11 11 239 239 242 242 12 12 233 233 287 287 243 243 10 10 242 242 11 11 287 287 11 11 243 243 551 551 290 290 568 568 290 290 551 551 270 270 200 200 568 568 290 290 538 538 508 508 509 509 569 569 509 509 510 510 570 570 569 569 510 510 563 563 14 14 16 16 571 571 16 16 8 8 563 563 16 16 571 571 572 572 563 563 571 571 573 573 575 575 574 574 576 576 578 578 577 577 579 579 581 581 580 580 582 582 584 584 583 583 580 580 585 585 579 579 580 580 581 581 582 582 584 584 582 582 586 586 586 586 582 582 581 581 587 587 583 583 584 584 588 588 583 583 587 587 587 587 589 589 588 588 576 576 588 588 590 590 590 590 578 578 576 576 589 589 590 590 588 588 591 591 577 577 578 578 212 212 251 251 253 253 592 592 212 212 253 253 592 592 253 253 254 254 593 593 592 592 254 254 594 594 596 596 595 595 597 597 596 596 594 594 598 598 595 595 599 599 594 594 595 595 598 598 600 600 597 597 594 594 601 601 594 594 598 598 600 600 594 594 601 601 602 602 596 596 27 27 603 603 596 596 602 602 595 595 596 596 603 603 604 604 595 595 603 603 599 599 595 595 604 604 516 516 599 599 604 604 605 605 20 20 597 597 600 600 605 605 597 597 606 606 605 605 600 600 601 601 606 606 600 600 607 607 606 606 601 601 532 532 607 607 601 601 26 26 27 27 596 596 597 597 26 26 596 596 26 26 597 597 20 20 514 514 599 599 516 516 534 534 599 599 514 514 598 598 599 599 534 534 533 533 598 598 534 534 601 601 598 598 533 533 532 532 601 601 533 533 608 608 610 610 609 609 611 611 609 609 610 610 612 612 613 613 111 111 614 614 613 613 612 612 164 164 167 167 613 613 168 168 164 164 613 613 490 490 111 111 613 613 167 167 490 490 613 613 168 168 613 613 614 614 614 614 615 615 170 170 614 614 170 170 168 168 616 616 170 170 615 615 617 617 619 619 618 618 620 620 618 618 619 619 621 621 623 623 622 622 624 624 622 622 623 623 625 625 627 627 626 626 628 628 630 630 629 629 628 628 626 626 627 627 630 630 632 632 631 631 626 626 628 628 629 629 631 631 629 629 630 630 632 632 621 621 631 631 622 622 631 631 621 621 625 625 634 634 633 633 627 627 625 625 633 633 635 635 633 633 634 634 636 636 638 638 637 637 639 639 637 637 638 638 640 640 641 641 620 620 618 618 620 620 641 641 642 642 644 644 643 643 641 641 640 640 645 645 646 646 648 648 647 647 649 649 645 645 640 640 647 647 650 650 646 646 645 645 649 649 648 648 647 647 648 648 649 649 651 651 646 646 643 643 650 650 643 643 646 646 652 652 653 653 635 635 654 654 653 653 652 652 655 655 656 656 653 653 527 527 655 655 653 653 657 657 635 635 653 653 656 656 657 657 653 653 658 658 653 653 654 654 527 527 653 653 658 658 659 659 660 660 521 521 519 519 659 659 521 521 520 520 659 659 519 519 661 661 659 659 520 520 662 662 661 661 520 520 654 654 661 661 662 662 658 658 654 654 662 662 518 518 662 662 520 520 528 528 662 662 518 518 658 658 662 662 528 528 527 527 658 658 528 528 663 663 665 665 664 664 666 666 665 665 663 663 667 667 669 669 668 668 670 670 671 671 668 668 672 672 667 667 668 668 672 672 668 668 671 671 673 673 668 668 669 669 674 674 666 666 663 663 675 675 677 677 676 676 678 678 680 680 679 679 681 681 679 679 680 680 682 682 678 678 683 683 375 375 376 376 684 684 117 117 684 684 376 376 377 377 375 375 684 684 72 72 117 117 376 376 685 685 687 687 686 686 688 688 689 689 686 686 690 690 686 686 687 687 691 691 689 689 692 692 685 685 686 686 693 693 693 693 686 686 689 689 692 692 694 694 691 691 688 688 692 692 689 689 695 695 691 691 694 694 696 696 384 384 383 383 696 696 383 383 697 697 698 698 700 700 699 699 701 701 699 699 700 700 702 702 696 696 698 698 700 700 698 698 696 696 385 385 384 384 696 696 696 696 697 697 700 700 703 703 697 697 383 383 700 700 704 704 701 701 704 704 700 700 697 697 699 699 701 701 705 705 706 706 701 701 704 704 705 705 707 707 699 699 706 706 705 705 701 701 698 698 699 699 708 708 698 698 708 708 702 702 707 707 708 708 699 699 379 379 385 385 702 702 379 379 702 702 708 708 696 696 702 702 385 385 703 703 383 383 377 377 566 566 565 565 709 709 29 29 24 24 710 710 711 711 713 713 712 712 710 710 714 714 712 712 711 711 712 712 714 714 711 711 709 709 713 713 715 715 713 713 709 709 714 714 716 716 711 711 709 709 711 711 716 716 565 565 562 562 715 715 24 24 717 717 710 710 710 710 717 717 714 714 714 714 718 718 716 716 718 718 714 714 717 717 719 719 268 268 716 716 719 719 716 716 718 718 268 268 567 567 716 716 567 567 566 566 716 716 709 709 716 716 566 566 715 715 709 709 565 565 562 562 720 720 715 715 715 715 720 720 713 713 713 713 721 721 712 712 721 721 713 713 720 720 32 32 28 28 712 712 32 32 712 712 721 721 710 710 712 712 28 28 29 29 710 710 28 28 174 174 193 193 358 358 192 192 193 193 174 174 358 358 412 412 359 359 412 412 358 358 193 193 361 361 359 359 411 411 410 410 359 359 412 412 411 411 386 386 361 361 410 410 411 411 359 359 386 386 360 360 361 361 364 364 722 722 360 360 723 723 724 724 85 85 724 724 86 86 85 85 357 357 179 179 177 177 357 357 181 181 179 179 192 192 174 174 173 173 725 725 727 727 726 726 726 726 727 727 728 728 729 729 728 728 730 730 729 729 730 730 731 731 732 732 734 734 733 733 733 733 727 727 725 725 735 735 192 192 171 171 173 173 171 171 192 192 732 732 733 733 736 736 725 725 736 736 733 733 735 735 732 732 736 736 609 609 738 738 737 737 739 739 741 741 740 740 742 742 737 737 738 738 743 743 739 739 201 201 737 737 742 742 741 741 740 740 741 741 742 742 740 740 201 201 739 739 611 611 738 738 609 609 744 744 746 746 745 745 747 747 748 748 310 310 749 749 751 751 750 750 752 752 750 750 751 751 753 753 317 317 754 754 755 755 757 757 756 756 758 758 316 316 317 317 759 759 313 313 756 756 314 314 756 756 313 313 747 747 310 310 760 760 761 761 760 760 310 310 760 760 762 762 747 747 757 757 763 763 756 756 756 756 763 763 764 764 765 765 746 746 744 744 766 766 745 745 746 746 767 767 768 768 611 611 549 549 768 768 767 767 199 199 201 201 769 769 200 200 199 199 769 769 770 770 611 611 768 768 551 551 770 770 768 768 771 771 770 770 551 551 772 772 771 771 551 551 773 773 771 771 772 772 769 769 773 773 772 772 773 773 769 769 201 201 548 548 768 768 549 549 551 551 768 768 548 548 568 568 772 772 551 551 769 769 772 772 568 568 200 200 769 769 568 568 181 181 774 774 182 182 775 775 182 182 774 774 181 181 357 357 774 774 356 356 774 774 357 357 675 675 338 338 362 362 776 776 379 379 708 708 170 170 616 616 777 777 777 777 778 778 602 602 778 778 777 777 616 616 616 616 779 779 778 778 602 602 27 27 777 777 603 603 602 602 778 778 27 27 169 169 777 777 777 777 169 169 170 170 516 516 604 604 779 779 603 603 778 778 779 779 603 603 779 779 604 604 553 553 780 780 555 555 549 549 780 780 553 553 610 610 781 781 780 780 611 611 610 610 780 780 782 782 555 555 780 780 781 781 782 782 780 780 767 767 780 780 549 549 611 611 780 780 767 767 783 783 785 785 784 784 786 786 784 784 785 785 787 787 789 789 788 788 790 790 787 787 788 788 790 790 788 788 791 791 792 792 790 790 791 791 792 792 791 791 793 793 794 794 792 792 793 793 794 794 793 793 724 724 723 723 794 794 724 724 90 90 88 88 795 795 86 86 795 795 88 88 796 796 708 708 707 707 97 97 797 797 96 96 90 90 797 797 97 97 795 795 798 798 797 797 799 799 96 96 797 797 798 798 799 799 797 797 795 795 797 797 90 90 800 800 616 616 801 801 615 615 801 801 616 616 801 801 615 615 802 802 614 614 803 803 802 802 804 804 802 802 803 803 614 614 802 802 615 615 805 805 111 111 110 110 612 612 111 111 805 805 806 806 110 110 109 109 805 805 110 110 806 806 807 807 109 109 107 107 806 806 109 109 807 807 808 808 809 809 251 251 809 809 564 564 248 248 248 248 251 251 809 809 250 250 248 248 564 564 706 706 810 810 705 705 811 811 813 813 812 812 215 215 812 812 813 813 812 812 707 707 811 811 707 707 705 705 811 811 811 811 705 705 810 810 788 788 814 814 791 791 791 791 815 815 793 793 815 815 814 814 816 816 817 817 793 793 815 815 815 815 791 791 814 814 788 788 789 789 814 814 815 815 816 816 817 817 674 674 816 816 814 814 798 798 795 795 817 817 798 798 817 817 816 816 795 795 818 818 817 817 724 724 793 793 818 818 817 817 818 818 793 793 789 789 819 819 814 814 819 819 666 666 814 814 674 674 814 814 666 666 807 807 107 107 106 106 820 820 807 807 106 106 820 820 106 106 102 102 821 821 820 820 102 102 821 821 102 102 103 103 822 822 821 821 103 103 822 822 103 103 104 104 823 823 822 822 104 104 824 824 825 825 823 823 388 388 826 826 393 393 827 827 393 393 826 826 828 828 829 829 388 388 830 830 388 388 829 829 392 392 828 828 388 388 827 827 832 832 831 831 393 393 827 827 831 831 832 832 833 833 831 831 833 833 834 834 831 831 392 392 390 390 681 681 679 679 681 681 390 390 821 821 822 822 835 835 836 836 838 838 837 837 820 820 821 821 839 839 839 839 821 821 835 835 837 837 835 835 822 822 822 822 823 823 837 837 837 837 838 838 835 835 835 835 840 840 839 839 840 840 835 835 838 838 840 840 841 841 839 839 841 841 842 842 839 839 807 807 820 820 842 842 839 839 842 842 820 820 823 823 836 836 837 837 617 617 676 676 619 619 638 638 843 843 639 639 843 843 545 545 639 639 545 545 543 543 639 639 194 194 192 192 844 844 192 192 735 735 844 844 355 355 348 348 736 736 356 356 355 355 736 736 348 348 338 338 736 736 338 338 675 675 617 617 844 844 735 735 543 543 639 639 543 543 617 617 735 735 736 736 543 543 736 736 338 338 543 543 617 617 543 543 338 338 675 675 676 676 617 617 845 845 847 847 846 846 848 848 850 850 849 849 851 851 848 848 852 852 849 849 853 853 848 848 853 853 852 852 848 848 852 852 854 854 851 851 851 851 854 854 855 855 856 856 855 855 854 854 847 847 849 849 857 857 857 857 858 858 847 847 850 850 857 857 849 849 858 858 859 859 847 847 859 859 846 846 847 847 213 213 860 860 215 215 707 707 812 812 861 861 861 861 812 812 860 860 812 812 215 215 860 860 860 860 255 255 861 861 213 213 255 255 860 860 261 261 263 263 861 861 261 261 861 861 255 255 263 263 796 796 861 861 861 861 796 796 707 707 254 254 862 862 593 593 206 206 593 593 862 862 210 210 592 592 208 208 212 212 592 592 210 210 863 863 208 208 592 592 593 593 863 863 592 592 211 211 808 808 212 212 251 251 212 212 808 808 864 864 866 866 865 865 526 526 866 866 864 864 521 521 660 660 867 867 522 522 521 521 867 867 868 868 865 865 866 866 867 867 868 868 866 866 660 660 868 868 867 867 525 525 866 866 526 526 523 523 866 866 525 525 867 867 866 866 523 523 522 522 867 867 523 523 869 869 870 870 536 536 621 621 870 870 869 869 871 871 570 570 872 872 627 627 871 871 872 872 538 538 536 536 870 870 508 508 538 538 870 870 510 510 508 508 873 873 872 872 510 510 873 873 510 510 872 872 570 570 874 874 870 870 621 621 508 508 870 870 874 874 875 875 508 508 874 874 873 873 508 508 875 875 876 876 873 873 875 875 872 872 873 873 876 876 627 627 872 872 876 876 864 864 877 877 526 526 865 865 877 877 864 864 869 869 536 536 877 877 621 621 869 869 877 877 535 535 526 526 877 877 536 536 535 535 877 877 623 623 877 877 865 865 621 621 877 877 623 623 722 722 336 336 360 360 333 333 336 336 722 722 878 878 879 879 231 231 878 878 880 880 879 879 227 227 231 231 879 879 881 881 883 883 882 882 882 882 444 444 881 881 879 879 880 880 883 883 882 882 883 883 880 880 445 445 881 881 444 444 416 416 844 844 884 884 194 194 844 844 416 416 418 418 884 884 885 885 416 416 884 884 418 418 417 417 885 885 886 886 418 418 885 885 417 417 413 413 886 886 419 419 417 417 886 886 413 413 366 366 888 888 887 887 363 363 889 889 365 365 890 890 892 892 891 891 890 890 893 893 892 892 887 887 888 888 893 893 365 365 888 888 366 366 324 324 325 325 329 329 894 894 896 896 895 895 897 897 899 899 898 898 900 900 902 902 901 901 895 895 901 901 902 902 903 903 897 897 900 900 902 902 900 900 897 897 252 252 268 268 904 904 897 897 898 898 902 902 896 896 252 252 904 904 268 268 719 719 904 904 895 895 904 904 718 718 901 901 895 895 717 717 719 719 718 718 904 904 717 717 24 24 901 901 718 718 717 717 895 895 24 24 22 22 901 901 901 901 22 22 900 900 903 903 900 900 18 18 17 17 900 900 22 22 18 18 20 20 903 903 17 17 18 18 900 900 20 20 605 605 903 903 903 903 605 605 897 897 897 897 606 606 899 899 606 606 897 897 605 605 607 607 532 532 899 899 607 607 899 899 606 606 532 532 529 529 899 899 898 898 899 899 529 529 902 902 894 894 895 895 894 894 902 902 898 898 904 904 895 895 896 896 573 573 574 574 905 905 720 720 905 905 721 721 562 562 905 905 720 720 574 574 721 721 905 905 906 906 907 907 573 573 908 908 572 572 909 909 910 910 322 322 911 911 320 320 911 911 322 322 322 322 910 910 909 909 572 572 571 571 909 909 8 8 909 909 571 571 8 8 321 321 909 909 909 909 321 321 322 322 911 911 320 320 214 214 215 215 912 912 911 911 215 215 911 911 214 214 911 911 912 912 910 910 913 913 908 908 910 910 913 913 910 910 912 912 909 909 910 910 908 908 914 914 573 573 905 905 905 905 562 562 914 914 561 561 563 563 914 914 561 561 914 914 562 562 563 563 573 573 914 914 915 915 279 279 916 916 823 823 917 917 836 836 825 825 918 918 836 836 919 919 921 921 920 920 920 920 922 922 919 919 923 923 674 674 924 924 925 925 918 918 920 920 923 923 919 919 922 922 919 919 923 923 924 924 918 918 825 825 920 920 824 824 922 922 825 825 920 920 825 825 922 922 674 674 663 663 924 924 663 663 664 664 924 924 664 664 926 926 924 924 924 924 926 926 919 919 925 925 920 920 921 921 921 921 919 919 926 926 927 927 841 841 840 840 928 928 841 841 927 927 929 929 840 840 838 838 927 927 840 840 929 929 918 918 838 838 836 836 929 929 838 838 918 918 930 930 932 932 931 931 931 931 928 928 930 930 932 932 934 934 933 933 935 935 933 933 934 934 930 930 936 936 932 932 934 934 932 932 936 936 934 934 937 937 935 935 937 937 934 934 936 936 921 921 926 926 937 937 928 928 927 927 930 930 927 927 929 929 930 930 930 930 929 929 936 936 918 918 936 936 929 929 921 921 937 937 925 925 925 925 936 936 918 918 936 936 925 925 937 937 937 937 926 926 935 935 933 933 935 935 664 664 664 664 935 935 926 926 664 664 665 665 933 933 938 938 939 939 665 665 940 940 931 931 932 932 932 932 933 933 940 940 665 665 939 939 933 933 940 940 933 933 939 939 941 941 943 943 942 942 944 944 942 942 945 945 946 946 947 947 943 943 948 948 945 945 947 947 949 949 950 950 948 948 947 947 945 945 942 942 946 946 951 951 947 947 393 393 831 831 950 950 831 831 834 834 950 950 950 950 834 834 948 948 948 948 834 834 945 945 944 944 945 945 834 834 943 943 941 941 676 676 949 949 948 948 952 952 952 952 947 947 951 951 947 947 952 952 948 948 947 947 942 942 943 943 943 943 676 676 946 946 619 619 676 676 953 953 953 953 676 676 941 941 951 951 946 946 677 677 677 677 946 946 676 676 826 826 954 954 827 827 954 954 832 832 827 827 955 955 957 957 956 956 829 829 955 955 830 830 958 958 960 960 959 959 828 828 958 958 959 959 829 829 828 828 959 959 680 680 678 678 961 961 962 962 963 963 961 961 962 962 961 961 678 678 963 963 833 833 964 964 961 961 963 963 964 964 965 965 964 964 833 833 954 954 965 965 832 832 833 833 832 832 965 965 941 941 966 966 953 953 649 649 953 953 966 966 967 967 942 942 944 944 941 941 942 942 966 966 944 944 834 834 967 967 833 833 967 967 834 834 390 390 683 683 679 679 678 678 679 679 683 683 942 942 967 967 968 968 542 542 545 545 969 969 970 970 972 972 971 971 973 973 971 971 972 972 969 969 974 974 970 970 972 972 970 970 974 974 972 972 968 968 973 973 975 975 973 973 968 968 974 974 976 976 972 972 968 968 972 972 976 976 967 967 833 833 975 975 545 545 843 843 969 969 969 969 843 843 974 974 638 638 644 644 974 974 638 638 974 974 843 843 644 644 977 977 974 974 974 974 977 977 976 976 978 978 649 649 976 976 978 978 976 976 977 977 649 649 966 966 976 976 942 942 968 968 966 966 976 976 966 966 968 968 975 975 968 968 967 967 833 833 979 979 975 975 973 973 975 975 980 980 980 980 683 683 973 973 979 979 980 980 975 975 683 683 390 390 973 973 971 971 973 973 391 391 391 391 394 394 971 971 390 390 391 391 973 973 394 394 547 547 971 971 971 971 547 547 970 970 544 544 542 542 970 970 544 544 970 970 547 547 969 969 970 970 542 542 362 362 677 677 675 675 787 787 982 982 981 981 982 982 789 789 981 981 787 787 981 981 789 789 983 983 985 985 984 984 986 986 985 985 983 983 789 789 986 986 983 983 987 987 988 988 985 985 986 986 987 987 985 985 987 987 986 986 982 982 988 988 984 984 985 985 982 982 986 986 789 789 953 953 649 649 640 640 620 620 619 619 640 640 953 953 640 640 619 619 989 989 991 991 990 990 992 992 989 989 993 993 992 992 994 994 989 989 993 993 989 989 995 995 996 996 995 995 989 989 996 996 997 997 995 995 997 997 998 998 995 995 998 998 999 999 995 995 995 995 999 999 1000 1000 994 994 1001 1001 989 989 1001 1001 991 991 989 989 1002 1002 990 990 991 991 1003 1003 1005 1005 1004 1004 1006 1006 1008 1008 1007 1007 1009 1009 1006 1006 1007 1007 1010 1010 1009 1009 1007 1007 1010 1010 1003 1003 1011 1011 1012 1012 898 898 529 529 863 863 204 204 1013 1013 863 863 1014 1014 204 204 1015 1015 1013 1013 204 204 1016 1016 204 204 1014 1014 1017 1017 862 862 1018 1018 191 191 1017 1017 1018 1018 1019 1019 1012 1012 1018 1018 862 862 1019 1019 1018 1018 1018 1018 1020 1020 191 191 1020 1020 1018 1018 515 515 190 190 191 191 1020 1020 529 529 515 515 1012 1012 1012 1012 515 515 1018 1018 205 205 862 862 1017 1017 206 206 862 862 205 205 189 189 1017 1017 191 191 205 205 1017 1017 189 189 1021 1021 1023 1023 1022 1022 1024 1024 1026 1026 1025 1025 1027 1027 1029 1029 1028 1028 1026 1026 1030 1030 1025 1025 1030 1030 1031 1031 1025 1025 1032 1032 1025 1025 1031 1031 1028 1028 1033 1033 1027 1027 1029 1029 1024 1024 1028 1028 1025 1025 1028 1028 1024 1024 1034 1034 1027 1027 1035 1035 1023 1023 1037 1037 1036 1036 1033 1033 1035 1035 1027 1027 1036 1036 1038 1038 1023 1023 1037 1037 1039 1039 1036 1036 1034 1034 1035 1035 1039 1039 1036 1036 1039 1039 1035 1035 1038 1038 1022 1022 1023 1023 559 559 1040 1040 560 560 557 557 1040 1040 559 559 1041 1041 1040 1040 557 557 556 556 1041 1041 557 557 1042 1042 1041 1041 556 556 555 555 1042 1042 556 556 1043 1043 244 244 1040 1040 1041 1041 1043 1043 1040 1040 1044 1044 1043 1043 1041 1041 1042 1042 1044 1044 1041 1041 781 781 1044 1044 1042 1042 245 245 560 560 1040 1040 244 244 245 245 1040 1040 782 782 1042 1042 555 555 781 781 1042 1042 782 782 1045 1045 1047 1047 1046 1046 379 379 1048 1048 378 378 1049 1049 1050 1050 1048 1048 379 379 1049 1049 1048 1048 1049 1049 379 379 776 776 1050 1050 378 378 1048 1048 259 259 796 796 263 263 1009 1009 1010 1010 639 639 1011 1011 639 639 1010 1010 617 617 1009 1009 639 639 643 643 636 636 651 651 637 637 651 651 636 636 633 633 1051 1051 627 627 635 635 1051 1051 633 633 1052 1052 570 570 1051 1051 656 656 1052 1052 1051 1051 871 871 627 627 1051 1051 570 570 871 871 1051 1051 657 657 1051 1051 635 635 656 656 1051 1051 657 657 950 950 387 387 393 393 389 389 387 387 950 950 1053 1053 1055 1055 1054 1054 1053 1053 105 105 1055 1055 1056 1056 1057 1057 1055 1055 1054 1054 824 824 1053 1053 1056 1056 1055 1055 98 98 99 99 1055 1055 105 105 98 98 96 96 1056 1056 99 99 98 98 1055 1055 96 96 799 799 1056 1056 799 799 798 798 1056 1056 1057 1057 1056 1056 798 798 824 824 823 823 1053 1053 823 823 104 104 1053 1053 105 105 1053 1053 104 104 1058 1058 1054 1054 1055 1055 1058 1058 1055 1055 1057 1057 1059 1059 800 800 1060 1060 779 779 1059 1059 1060 1060 1061 1061 779 779 1060 1060 1062 1062 1060 1060 800 800 1063 1063 1064 1064 805 805 806 806 1063 1063 805 805 803 803 614 614 805 805 806 806 807 807 1063 1063 614 614 612 612 805 805 807 807 842 842 1063 1063 842 842 841 841 1063 1063 841 841 1064 1064 1063 1063 803 803 805 805 1064 1064 940 940 939 939 1065 1065 513 513 511 511 1066 1066 1067 1067 1069 1069 1068 1068 1070 1070 1068 1068 1069 1069 1066 1066 1071 1071 1067 1067 1069 1069 1067 1067 1071 1071 1069 1069 1065 1065 1070 1070 1072 1072 1070 1070 1065 1065 1071 1071 1073 1073 1069 1069 1065 1065 1069 1069 1073 1073 938 938 984 984 1072 1072 511 511 531 531 1066 1066 531 531 800 800 1066 1066 800 800 801 801 1066 1066 1066 1066 801 801 1071 1071 1071 1071 802 802 1073 1073 802 802 1071 1071 801 801 804 804 1074 1074 1073 1073 804 804 1073 1073 802 802 1074 1074 1075 1075 1073 1073 1075 1075 928 928 1073 1073 928 928 931 931 1073 1073 940 940 1065 1065 931 931 1073 1073 931 931 1065 1065 1072 1072 1065 1065 939 939 984 984 988 988 1072 1072 1070 1070 1072 1072 1076 1076 1068 1068 1070 1070 1077 1077 988 988 1076 1076 1072 1072 537 537 509 509 1078 1078 1076 1076 1077 1077 1070 1070 540 540 537 537 1078 1078 509 509 569 569 1068 1068 509 509 1068 1068 1078 1078 1077 1077 1078 1078 1068 1068 569 569 570 570 1068 1068 570 570 1052 1052 1068 1068 1067 1067 1068 1068 656 656 656 656 655 655 1067 1067 1052 1052 656 656 1068 1068 527 527 1066 1066 655 655 1067 1067 655 655 1066 1066 513 513 1066 1066 517 517 527 527 517 517 1066 1066 938 938 1072 1072 939 939 1079 1079 91 91 89 89 1080 1080 91 91 1079 1079 1081 1081 89 89 87 87 1079 1079 89 89 1081 1081 1082 1082 87 87 94 94 1081 1081 87 87 1082 1082 1083 1083 94 94 95 95 1082 1082 94 94 1083 1083 1084 1084 95 95 100 100 1083 1083 95 95 1084 1084 1085 1085 100 100 101 101 1084 1084 100 100 1085 1085 754 754 1080 1080 1079 1079 751 751 1081 1081 1082 1082 751 751 1082 1082 1083 1083 753 753 754 754 1079 1079 1081 1081 753 753 1079 1079 749 749 753 753 1081 1081 751 751 749 749 1081 1081 752 752 751 751 1083 1083 1084 1084 752 752 1083 1083 1086 1086 752 752 1084 1084 1085 1085 1086 1086 1084 1084 1087 1087 1086 1086 1085 1085 310 310 1087 1087 1085 1085 319 319 92 92 91 91 1080 1080 319 319 91 91 754 754 319 319 1080 1080 319 319 754 754 317 317 318 318 101 101 108 108 1085 1085 101 101 318 318 310 310 1085 1085 318 318 1012 1012 1019 1019 1088 1088 254 254 249 249 1019 1019 1089 1089 894 894 1012 1012 1089 1089 1012 1012 1088 1088 898 898 1012 1012 894 894 1019 1019 249 249 1088 1088 1089 1089 1088 1088 252 252 252 252 1088 1088 249 249 896 896 894 894 252 252 1089 1089 252 252 894 894 862 862 254 254 1019 1019 214 214 264 264 213 213 280 280 265 265 264 264 1090 1090 1091 1091 951 951 1091 1091 1090 1090 354 354 1092 1092 949 949 1091 1091 951 951 677 677 1090 1090 1092 1092 1091 1091 353 353 339 339 354 354 1090 1090 353 353 352 352 1092 1092 354 354 353 353 1091 1091 352 352 389 389 1092 1092 389 389 950 950 1092 1092 949 949 1092 1092 950 950 362 362 339 339 677 677 339 339 1090 1090 677 677 952 952 951 951 1091 1091 952 952 1091 1091 949 949 774 774 356 356 775 775 736 736 775 775 356 356 1093 1093 1094 1094 1049 1049 1049 1049 1095 1095 286 286 286 286 1093 1093 1049 1049 1096 1096 286 286 1097 1097 1095 1095 1097 1097 286 286 1050 1050 1049 1049 1094 1094 643 643 644 644 636 636 638 638 636 636 644 644 708 708 796 796 1097 1097 776 776 708 708 1097 1097 796 796 259 259 1097 1097 198 198 1098 1098 203 203 743 743 203 203 1098 1098 201 201 203 203 743 743 674 674 923 923 816 816 922 922 1054 1054 923 923 824 824 1054 1054 922 922 923 923 1058 1058 816 816 1058 1058 923 923 1054 1054 798 798 816 816 1057 1057 1057 1057 816 816 1058 1058 803 803 1074 1074 804 804 841 841 928 928 1064 1064 1064 1064 1075 1075 1074 1074 1075 1075 1064 1064 928 928 1064 1064 1074 1074 803 803 1099 1099 1101 1101 1100 1100 1102 1102 1099 1099 1100 1100 1100 1100 1101 1101 1103 1103 1104 1104 1103 1103 1105 1105 1105 1105 2 2 1104 1104 1101 1101 1105 1105 1103 1103 1104 1104 2 2 0 0 1106 1106 1108 1108 1107 1107 1109 1109 1107 1107 1108 1108 1110 1110 1108 1108 1111 1111 1112 1112 1114 1114 1113 1113 1115 1115 1113 1113 1114 1114 1111 1111 1116 1116 1112 1112 1114 1114 1112 1112 1116 1116 1108 1108 1106 1106 1111 1111 1111 1111 1106 1106 1116 1116 1115 1115 1117 1117 1113 1113 1118 1118 1117 1117 1115 1115 1119 1119 1120 1120 1113 1113 1119 1119 1113 1113 1117 1117 1112 1112 1113 1113 1121 1121 1121 1121 1122 1122 1112 1112 1110 1110 1111 1111 1122 1122 1112 1112 1122 1122 1111 1111 1123 1123 3 3 1124 1124 1125 1125 1123 1123 1124 1124 1125 1125 1124 1124 1126 1126 1127 1127 1126 1126 1128 1128 1127 1127 1128 1128 1129 1129 1130 1130 1132 1132 1131 1131 1129 1129 1130 1130 1131 1131 1126 1126 1127 1127 1133 1133 1127 1127 1134 1134 1133 1133 1135 1135 1125 1125 1133 1133 1136 1136 1 1 1135 1135 1 1 1123 1123 1135 1135 1135 1135 1123 1123 1125 1125 1126 1126 1133 1133 1125 1125 1127 1127 1131 1131 1134 1134 1129 1129 1131 1131 1127 1127 1137 1137 1138 1138 1134 1134 1137 1137 1134 1134 1131 1131 1133 1133 1134 1134 1139 1139 1139 1139 1140 1140 1133 1133 1138 1138 1139 1139 1134 1134 1133 1133 1140 1140 1135 1135 1107 1107 1109 1109 1141 1141 1132 1132 1130 1130 1142 1142 1143 1143 1142 1142 1144 1144 1144 1144 1141 1141 1143 1143 1130 1130 1144 1144 1142 1142 1143 1143 1141 1141 1109 1109 1132 1132 1142 1142 1143 1143 1145 1145 1147 1147 1146 1146 1148 1148 1150 1150 1149 1149 1151 1151 1149 1149 1150 1150 1150 1150 1148 1148 1152 1152 1152 1152 1148 1148 1153 1153 1147 1147 1154 1154 1148 1148 1153 1153 1148 1148 1154 1154 1154 1154 1147 1147 1155 1155 1155 1155 1147 1147 1145 1145 1150 1150 1156 1156 1151 1151 1157 1157 1151 1151 1156 1156 1152 1152 1158 1158 1150 1150 1156 1156 1150 1150 1158 1158 1153 1153 1159 1159 1152 1152 1158 1158 1152 1152 1159 1159 1154 1154 1160 1160 1153 1153 1159 1159 1153 1153 1160 1160 1155 1155 1161 1161 1154 1154 1160 1160 1154 1154 1161 1161 1145 1145 1162 1162 1155 1155 1161 1161 1155 1155 1162 1162 1145 1145 1146 1146 1162 1162 1163 1163 1146 1146 1147 1147 1113 1113 1120 1120 1162 1162 1113 1113 1162 1162 1146 1146 1120 1120 1119 1119 1162 1162 1119 1119 1164 1164 1162 1162 1164 1164 1165 1165 1162 1162 1162 1162 1165 1165 1161 1161 1165 1165 1166 1166 1161 1161 1166 1166 1167 1167 1161 1161 0 0 1 1 1157 1157 1 1 1136 1136 1157 1157 1136 1136 1135 1135 1157 1157 1151 1151 1157 1157 1168 1168 1151 1151 1168 1168 1149 1149 1135 1135 1168 1168 1157 1157 1149 1149 1163 1163 1148 1148 1163 1163 1149 1149 1168 1168 1148 1148 1163 1163 1147 1147 1160 1160 1161 1161 1169 1169 1159 1159 1160 1160 1170 1170 1167 1167 1169 1169 1161 1161 1159 1159 1170 1170 1158 1158 1169 1169 1170 1170 1160 1160 1158 1158 1171 1171 1156 1156 1171 1171 1158 1158 1170 1170 1100 1100 1156 1156 1171 1171 1100 1100 1103 1103 1156 1156 1156 1156 1103 1103 1157 1157 0 0 1157 1157 1104 1104 1104 1104 1157 1157 1103 1103 1172 1172 1164 1164 1118 1118 1164 1164 1117 1117 1118 1118 1165 1165 1173 1173 1166 1166 1164 1164 1174 1174 1165 1165 1166 1166 1176 1176 1175 1175 1177 1177 1175 1175 1176 1176 3 3 1123 1123 1 1 1164 1164 1119 1119 1117 1117 1178 1178 1176 1176 1165 1165 1166 1166 1173 1173 1176 1176 1179 1179 1178 1178 1174 1174 1165 1165 1176 1176 1173 1173 1172 1172 1179 1179 1174 1174 1165 1165 1174 1174 1178 1178 1164 1164 1172 1172 1174 1174 1180 1180 1122 1122 1181 1181 1182 1182 1183 1183 1168 1168 1184 1184 1186 1186 1185 1185 1187 1187 1185 1185 1186 1186 1186 1186 1184 1184 1188 1188 1188 1188 1184 1184 1189 1189 1183 1183 1190 1190 1184 1184 1189 1189 1184 1184 1190 1190 1190 1190 1183 1183 1191 1191 1191 1191 1183 1183 1182 1182 1186 1186 1180 1180 1187 1187 1181 1181 1187 1187 1180 1180 1188 1188 1192 1192 1186 1186 1180 1180 1186 1186 1192 1192 1189 1189 1193 1193 1188 1188 1192 1192 1188 1188 1193 1193 1190 1190 1194 1194 1189 1189 1193 1193 1189 1189 1194 1194 1191 1191 1195 1195 1190 1190 1194 1194 1190 1190 1195 1195 1182 1182 1196 1196 1191 1191 1195 1195 1191 1191 1196 1196 1121 1121 1113 1113 1181 1181 1182 1182 1168 1168 1196 1196 1163 1163 1168 1168 1183 1183 1135 1135 1140 1140 1196 1196 1135 1135 1196 1196 1168 1168 1140 1140 1139 1139 1196 1196 1195 1195 1196 1196 1139 1139 1194 1194 1195 1195 1138 1138 1187 1187 1181 1181 1146 1146 1187 1187 1146 1146 1185 1185 1113 1113 1146 1146 1181 1181 1185 1185 1163 1163 1184 1184 1163 1163 1185 1185 1146 1146 1184 1184 1163 1163 1183 1183 1138 1138 1137 1137 1194 1194 1139 1139 1138 1138 1195 1195 1137 1137 1132 1132 1194 1194 1194 1194 1132 1132 1193 1193 1132 1132 1143 1143 1193 1193 1143 1143 1109 1109 1193 1193 1192 1192 1193 1193 1109 1109 1109 1109 1108 1108 1192 1192 1108 1108 1110 1110 1192 1192 1192 1192 1110 1110 1180 1180 1121 1121 1181 1181 1122 1122 1122 1122 1180 1180 1110 1110 1132 1132 1137 1137 1131 1131 1167 1167 1166 1166 1175 1175 1197 1197 1198 1198 1170 1170 1198 1198 1171 1171 1170 1170 1169 1169 1199 1199 1170 1170 1167 1167 1175 1175 1169 1169 1169 1169 1175 1175 1199 1199 1197 1197 1170 1170 1199 1199 1198 1198 1100 1100 1171 1171 1102 1102 1100 1100 1198 1198</p>
				</triangles>
			</mesh>
		</geometry>
		<geometry id="base2_M1KShape1" name="base2_M1KShape1">
			<mesh>
				<source id="base2_M1KShape1.positions">
					<float_array id="base2_M1KShape1.positions-array" count="126">0.00738281 0.0408063 0.350874 0.00550933 0.0434829 0.349269 0.00425138 0.043553 0.347258 0.0070741 -0.0368416 0.350696 0.00805276 -0.03986 0.351507 0.00408764 -0.0434834 0.347744 0.00482082 -0.0366244 0.348349 0.00300169 -0.0368838 0.34584 0.00261572 -0.0408074 0.345763 0.00600657 -0.0435532 0.349139 0.00261572 -0.0408074 0.345763 0.00408764 -0.0434834 0.347744 0.00600657 -0.0435532 0.349139 -0.0847507 -0.0355454 0.251522 -0.0829259 -0.0368542 0.25418 -0.0872 -0.0367797 0.249547 -0.0879231 -0.0402293 0.248289 -0.0870289 -0.0422383 0.249995 -0.0850922 -0.0434042 0.251845 -0.0870289 -0.0422383 0.249995 -0.0829259 -0.0368542 0.25418 -0.0850922 -0.0434042 0.251845 -0.0872 -0.0367797 0.249547 -0.0830246 -0.042002 0.25399 -0.0847486 0.0355454 0.251525 -0.0872726 0.0368381 0.249517 -0.0829661 0.0367696 0.254089 -0.0872726 0.0368381 0.249517 -0.0833831 0.0422369 0.253905 -0.0829661 0.0367696 0.254089 -0.0850943 0.0434042 0.251843 -0.0870896 0.0420029 0.249631 0.00275909 0.0369062 0.346075 0.00205335 0.0398497 0.345079 0.00550933 0.0434829 0.349269 0.00495537 0.0366244 0.348494 0.00730678 0.0368286 0.350453 0.00738281 0.0408063 0.350874 0.00425138 0.043553 0.347258 -0.0817407 0.0402774 0.254917 -0.0833831 0.0422369 0.253905 -0.0850943 0.0434042 0.251843</float_array>
					<technique_common>
						<accessor count="42" source="#base2_M1KShape1.positions-array" stride="3">
							<param name="X" type="float"/>
							<param name="Y" type="float"/>
							<param name="Z" type="float"/>
						</accessor>
					</technique_common>
				</source>
				<source id="base2_M1KShape1.normals">
					<float_array id="base2_M1KShape1.normals-array" count="126">0.65549 0.276092 0.702927 0.204855 0.953821 0.21968 -0.225535 0.943737 -0.241857 -0.731542 3.2e-05 0.681796 -0.731358 1e-06 0.681994 -0.731374 3e-06 0.681977 -0.731353 -0 0.681999 -0.731568 3.7e-05 0.681768 -0.731328 -4e-06 0.682026 -0.73144 -0.007796 0.681861 -0.655438 -0.276359 -0.702871 -0.204677 -0.953903 -0.219489 0.225789 -0.943606 0.242129 -0.00055 1 -0.00059 0.528156 0.632667 0.566378 -0.414389 0.794236 -0.444378 -0.676146 -0.130719 -0.725078 -0.516961 -0.652243 -0.554373 0.000144 -1 0.000155 -0.731337 -8e-06 0.682017 -0.731225 -6.2e-05 0.682136 -0.731352 -1e-06 0.682 -0.7313 -2.6e-05 0.682056 -0.731282 0.000792 0.682074 0.000619 -1 0.000664 -0.527665 -0.633547 -0.565852 0.412486 -0.796363 0.442337 -0.731225 6.2e-05 0.682136 -0.731336 8e-06 0.682017 -0.7313 2.6e-05 0.682056 -0.731352 1e-06 0.682 -0.731281 -0.000768 0.682076 -0.731542 -3.2e-05 0.681797 -0.731356 -2.2e-05 0.681996 -0.731374 2e-06 0.681977 -0.731353 0 0.681999 -0.731569 -3.7e-05 0.681768 -0.731328 4e-06 0.682026 -0.73139 0.007379 0.681919 0.675621 0.136443 0.724513 0.517197 0.651842 0.554626 -0.000131 1 -0.00014</float_array>
					<technique_common>
						<accessor count="42" source="#base2_M1KShape1.normals-array" stride="3">
							<param name="X" type="float"/>
							<param name="Y" type="float"/>
							<param name="Z" type="float"/>
						</accessor>
					</technique_common>
				</source>
				<vertices id="base2_M1KShape1.vertices">
					<input semantic="POSITION" source="#base2_M1KShape1.positions"/>
				</vertices>
				<triangles count="22" material="blinn21.material">
					<input offset="0" semantic="VERTEX" source="#base2_M1KShape1.vertices" set="0"/>
					<input offset="1" semantic="NORMAL" source="#base2_M1KShape1.normals" set="0"/>
					<p>0 0 2 2 1 1 3 3 5 5 4 4 3 3 6 6 5 5 7 7 8 8 6 6 5 5 6 6 8 8 9 9 4 4 5 5 10 10 12 12 11 11 13 13 15 15 14 14 16 16 18 18 17 17 19 19 21 21 20 20 20 20 22 22 19 19 21 21 23 23 20 20 24 24 26 26 25 25 27 27 29 29 28 28 28 28 30 30 27 27 30 30 31 31 27 27 32 32 34 34 33 33 32 32 35 35 34 34 36 36 37 37 35 35 34 34 35 35 37 37 38 38 33 33 34 34 39 39 41 41 40 40</p>
				</triangles>
			</mesh>
		</geometry>
		<geometry id="base2_M1KShape2" name="base2_M1KShape2">
			<mesh>
				<source id="base2_M1KShape2.positions">
					<float_array id="base2_M1KShape2.positions-array" count="39">0.105786 -0.100757 0.395066 0.105809 -0.1 0.395129 0.131218 -0.0999965 0.37279 0.0752187 -0.100003 0.402588 0.07497 -0.100754 0.402429 0.0441149 -0.100009 0.395229 0.00758776 -0.100757 0.331628 0.00752174 -0.1 0.331617 0.0141876 -0.1 0.364294 0.0165314 -0.1 0.301243 0.0383955 -0.100733 0.278289 0.0383312 -0.1 0.278253 0.070064 -0.1 0.267606</float_array>
					<technique_common>
						<accessor count="13" source="#base2_M1KShape2.positions-array" stride="3">
							<param name="X" type="float"/>
							<param name="Y" type="float"/>
							<param name="Z" type="float"/>
						</accessor>
					</technique_common>
				</source>
				<source id="base2_M1KShape2.normals">
					<float_array id="base2_M1KShape2.normals-array" count="39">0.418793 -0.374685 0.827178 0.454853 0 0.890567 0.843798 0.148912 0.515587 0.003027 0.00331 0.99999 -0.000187 -0.381073 0.924545 -0.466375 0.066693 0.882069 -0.92491 -0.376801 -0.050624 -0.99868 0 -0.051375 -0.852443 0.133907 0.505381 -0.863188 0.080833 -0.498369 -0.511208 -0.35916 -0.780814 -0.543829 0 -0.839196 -0.075714 0.147409 -0.986174</float_array>
					<technique_common>
						<accessor count="13" source="#base2_M1KShape2.normals-array" stride="3">
							<param name="X" type="float"/>
							<param name="Y" type="float"/>
							<param name="Z" type="float"/>
						</accessor>
					</technique_common>
				</source>
				<vertices id="base2_M1KShape2.vertices">
					<input semantic="POSITION" source="#base2_M1KShape2.positions"/>
				</vertices>
				<triangles count="8" material="blinn22.material">
					<input offset="0" semantic="VERTEX" source="#base2_M1KShape2.vertices" set="0"/>
					<input offset="1" semantic="NORMAL" source="#base2_M1KShape2.normals" set="0"/>
					<p>0 0 2 2 1 1 0 0 1 1 3 3 4 4 0 0 3 3 4 4 3 3 5 5 6 6 8 8 7 7 6 6 7 7 9 9 10 10 9 9 11 11 10 10 11 11 12 12</p>
				</triangles>
			</mesh>
		</geometry>
	</library_geometries>
	<library_visual_scenes>
		<visual_scene id="VisualSceneNode" name="base1d_med">
			<node id="J1.dae" name="J1.dae">
				<instance_geometry url="#base2_M1KShape0">
					<bind_material>
						<technique_common>
							<instance_material symbol="blinn20.material" target="#blinn20.material"/>
						</technique_common>
					</bind_material>
				</instance_geometry>
				<instance_geometry url="#base2_M1KShape1">
					<bind_material>
						<technique_common>
							<instance_material symbol="blinn21.material" target="#blinn21.material"/>
						</technique_common>
					</bind_material>
				</instance_geometry>
				<instance_geometry url="#base2_M1KShape2">
					<bind_material>
						<technique_common>
							<instance_material symbol="blinn22.material" target="#blinn22.material"/>
						</technique_common>
					</bind_material>
				</instance_geometry>
			</node>
		</visual_scene>
	</library_visual_scenes>
	<scene>
		<instance_visual_scene url="#VisualSceneNode"/>
	</scene>
</COLLADA>
