<?xml version="1.0" encoding="UTF-8"?>
<COLLADA xmlns="http://www.collada.org/2005/11/COLLADASchema" version="1.4.1">
	<asset>
		<contributor>
			<author>DENSO WAVE</author>
		</contributor>
		<unit/>
		<up_axis>Y_UP</up_axis>
	</asset>
	<library_materials>
		<material id="blinn20.material" name="blinn20">
			<instance_effect url="#blinn20.effect"/>
		</material>
		<material id="blinn21.material" name="blinn21">
			<instance_effect url="#blinn21.effect"/>
		</material>
	</library_materials>
	<library_effects>
		<effect id="blinn20.effect">
			<profile_COMMON>
				<technique sid="common">
					<phong>
						<emission>
							<color>0.04 0.04 0.04 1</color>
						</emission>
						<diffuse>
							<color>0.501961 0.501961 0.501961 1</color>
						</diffuse>
						<specular>
							<color>0.2 0.2 0.2 1</color>
						</specular>
					</phong>
				</technique>
			</profile_COMMON>
		</effect>
		<effect id="blinn21.effect">
			<profile_COMMON>
				<technique sid="common">
					<phong>
						<emission>
							<color>0.04 0.04 0.04 1</color>
						</emission>
						<diffuse>
							<color>1 1 1 1</color>
						</diffuse>
						<specular>
							<color>0.2 0.2 0.2 1</color>
						</specular>
					</phong>
				</technique>
			</profile_COMMON>
		</effect>
	</library_effects>
	<library_geometries>
		<geometry id="base2_M1KShape0" name="base2_M1KShape0">
			<mesh>
				<source id="base2_M1KShape0.positions">
					<float_array id="base2_M1KShape0.positions-array" count="228">-0.0518997 -0.014864 0.793782 -0.0623997 -0.014864 0.793782 -0.0623997 -0.0139996 0.7895 -0.0518997 -0.0139996 0.7895 -0.0518997 -0.0172214 0.797278 -0.0623997 -0.0172214 0.797278 -0.0518997 -0.0207179 0.799636 -0.0623997 -0.0207179 0.799636 -0.0518997 -0.0249996 0.8005 -0.0623997 -0.0249996 0.8005 -0.0518997 -0.0292813 0.799636 -0.0623997 -0.0292813 0.799636 -0.0518997 -0.0327778 0.797278 -0.0623997 -0.0327778 0.797278 -0.0518997 -0.0351352 0.793782 -0.0623997 -0.0351352 0.793782 -0.0518997 -0.0359996 0.7895 -0.0623997 -0.0359996 0.7895 -0.0623997 -0.0327778 0.781722 -0.0623997 -0.0292813 0.779364 -0.0623997 -0.0351352 0.785218 -0.0623997 -0.014864 0.793782 -0.0623997 -0.0359996 0.7895 -0.0623997 -0.0139996 0.7895 -0.0623997 -0.0351352 0.793782 -0.0623997 -0.0327778 0.797278 -0.0623997 -0.0292813 0.799636 -0.0623997 -0.0249996 0.8005 -0.0623997 -0.0207179 0.799636 -0.0623997 -0.0172214 0.797278 -0.0623997 -0.014864 0.785218 -0.0623997 -0.0172214 0.781722 -0.0623997 -0.0207179 0.779364 -0.0623997 -0.0249996 0.7785 -0.0623997 -0.014864 0.785218 -0.0518997 -0.014864 0.785218 -0.0623997 -0.0172214 0.781722 -0.0518997 -0.0172214 0.781722 -0.0623997 -0.0207179 0.779364 -0.0518997 -0.0207179 0.779364 -0.0623997 -0.0249996 0.7785 -0.0518997 -0.0249996 0.7785 -0.0623997 -0.0292813 0.779364 -0.0518997 -0.0292813 0.779364 -0.0623997 -0.0327778 0.781722 -0.0518997 -0.0327778 0.781722 -0.0623997 -0.0351352 0.785218 -0.0518997 -0.0351352 0.785218 -0.0518997 -0.0386209 0.803121 -0.0518997 -0.0394996 0.801 -0.0518997 -0.0327778 0.797278 -0.0518997 -0.0351352 0.793782 -0.0518997 -0.0359996 0.7895 -0.0518997 -0.0394996 0.778 -0.0518997 -0.0386209 0.775879 -0.0518997 -0.0327778 0.781722 -0.0518997 -0.0351352 0.785218 -0.0518997 -0.0364996 0.775 -0.0518997 -0.0292813 0.779364 -0.0518997 -0.0249996 0.7785 -0.0518998 -0.0134996 0.775 -0.0518998 -0.0113783 0.775879 -0.0518997 -0.0172214 0.781722 -0.0518997 -0.0207179 0.779364 -0.0518998 -0.0104996 0.778 -0.0518997 -0.014864 0.785218 -0.0518997 -0.0139996 0.7895 -0.0518998 -0.0104996 0.801 -0.0518998 -0.0113783 0.803121 -0.0518997 -0.0172214 0.797278 -0.0518997 -0.014864 0.793782 -0.0518998 -0.0134996 0.804 -0.0518997 -0.0364996 0.804 -0.0518997 -0.0249996 0.8005 -0.0518997 -0.0207179 0.799636 -0.0518997 -0.0292813 0.799636</float_array>
					<technique_common>
						<accessor count="76" source="#base2_M1KShape0.positions-array" stride="3">
							<param name="X" type="float"/>
							<param name="Y" type="float"/>
							<param name="Z" type="float"/>
						</accessor>
					</technique_common>
				</source>
				<source id="base2_M1KShape0.normals">
					<float_array id="base2_M1KShape0.normals-array" count="228">0 0.921004 0.389552 0 0.921004 0.389552 0 1 0 0 1 0 0 0.707107 0.707107 0 0.707107 0.707107 0 0.389552 0.921004 0 0.389552 0.921004 0 0 1 0 0 1 0 -0.389552 0.921004 0 -0.389552 0.921004 0 -0.707107 0.707107 0 -0.707107 0.707107 0 -0.921004 0.389552 0 -0.921004 0.389552 0 -1 0 0 -1 0 -1 0 0 -1 0 0 -1 0 0 -1 0 0 -1 0 0 -1 0 0 -1 0 0 -1 0 0 -1 0 0 -1 0 0 -1 0 0 -1 0 0 -1 0 0 -1 0 0 -1 0 0 -1 0 0 0 0.921004 -0.389552 0 0.921004 -0.389552 0 0.707107 -0.707107 0 0.707107 -0.707107 0 0.389552 -0.921004 0 0.389552 -0.921004 0 0 -1 0 0 -1 0 -0.389552 -0.921004 0 -0.389552 -0.921004 0 -0.707107 -0.707107 0 -0.707107 -0.707107 0 -0.921004 -0.389552 0 -0.921004 -0.389552 -1 -3e-06 0 -1 -3e-06 0 -1 -3e-06 0 -1 -3e-06 0 -1 -3e-06 0 -1 -3e-06 0 -1 -3e-06 0 -1 -3e-06 0 -1 -3e-06 0 -1 -3e-06 0 -1 -3e-06 0 -1 -3e-06 0 -1 -3e-06 0 -1 -3e-06 0 -1 -3e-06 0 -1 -3e-06 0 -1 -3e-06 0 -1 -3e-06 0 -1 -3e-06 0 -1 -3e-06 0 -1 -3e-06 0 -1 -3e-06 0 -1 -3e-06 0 -1 -3e-06 0 -1 -3e-06 0 -1 -3e-06 0 -1 -3e-06 0 -1 -3e-06 0</float_array>
					<technique_common>
						<accessor count="76" source="#base2_M1KShape0.normals-array" stride="3">
							<param name="X" type="float"/>
							<param name="Y" type="float"/>
							<param name="Z" type="float"/>
						</accessor>
					</technique_common>
				</source>
				<vertices id="base2_M1KShape0.vertices">
					<input semantic="POSITION" source="#base2_M1KShape0.positions"/>
				</vertices>
				<triangles count="74" material="blinn20.material">
					<input offset="0" semantic="VERTEX" source="#base2_M1KShape0.vertices" set="0"/>
					<input offset="1" semantic="NORMAL" source="#base2_M1KShape0.normals" set="0"/>
					<p>0 0 2 2 1 1 3 3 2 2 0 0 4 4 1 1 5 5 0 0 1 1 4 4 6 6 5 5 7 7 4 4 5 5 6 6 8 8 7 7 9 9 6 6 7 7 8 8 10 10 9 9 11 11 8 8 9 9 10 10 12 12 11 11 13 13 10 10 11 11 12 12 14 14 13 13 15 15 12 12 13 13 14 14 16 16 15 15 17 17 14 14 15 15 16 16 18 18 20 20 19 19 20 20 22 22 21 21 21 21 23 23 20 20 22 22 24 24 21 21 24 24 25 25 21 21 25 25 26 26 21 21 26 26 27 27 21 21 27 27 28 28 21 21 29 29 21 21 28 28 23 23 30 30 20 20 30 30 31 31 20 20 31 31 32 32 20 20 32 32 33 33 20 20 33 33 19 19 20 20 34 34 3 3 35 35 2 2 3 3 34 34 36 36 35 35 37 37 34 34 35 35 36 36 38 38 37 37 39 39 36 36 37 37 38 38 40 40 39 39 41 41 38 38 39 39 40 40 42 42 41 41 43 43 40 40 41 41 42 42 44 44 43 43 45 45 42 42 43 43 44 44 46 46 45 45 47 47 44 44 45 45 46 46 17 17 47 47 16 16 46 46 47 47 17 17 48 48 50 50 49 49 51 51 52 52 49 49 49 49 52 52 53 53 54 54 53 53 55 55 56 56 53 53 52 52 54 54 55 55 57 57 56 56 55 55 53 53 58 58 59 59 57 57 58 58 57 57 55 55 57 57 59 59 60 60 61 61 60 60 62 62 63 63 60 60 59 59 61 61 62 62 64 64 63 63 62 62 60 60 65 65 66 66 64 64 65 65 64 64 62 62 64 64 66 66 67 67 68 68 67 67 69 69 70 70 67 67 66 66 68 68 69 69 71 71 70 70 69 69 67 67 72 72 71 71 73 73 74 74 71 71 69 69 73 73 75 75 72 72 74 74 73 73 71 71 48 48 72 72 50 50 51 51 49 49 50 50 75 75 50 50 72 72</p>
				</triangles>
			</mesh>
		</geometry>
		<geometry id="base2_M1KShape1" name="base2_M1KShape1">
			<mesh>
				<source id="base2_M1KShape1.positions">
					<float_array id="base2_M1KShape1.positions-array" count="3219">-0.0419998 -0.00223841 0.819043 -0.0513937 -0.00223844 0.819043 -0.051362 0.0023632 0.819066 -0.0419998 0.00236323 0.819067 0.0472565 -0.0518109 0.863207 0.0481498 -0.0508481 0.863671 0.0485382 -0.0495489 0.863738 0.0299389 -0.0330634 0.933596 0.0306862 -0.0347315 0.934454 0.0166056 -0.0342749 0.943139 0.0161757 -0.0326011 0.942119 0.0399769 -0.0334023 0.920898 0.0409101 -0.0350646 0.921449 0.0289154 -0.0319163 0.932426 0.0156482 -0.031458 0.940623 0.0385896 -0.0322515 0.920197 0.0168355 -0.0363828 0.943507 -6.04987e-06 -0.0357975 0.946664 0.0309986 -0.0368086 0.934818 0.0412329 -0.0371316 0.921728 0.0462703 -0.0372218 0.905361 0.0150827 -0.031026 0.938883 2.99886e-07 -0.0304994 0.941665 0.0277792 -0.0314694 0.931137 0.0369576 -0.0317899 0.919435 0.0414856 -0.031948 0.904786 2.99886e-07 -0.0331564 0.946081 2.99886e-07 -0.0312153 0.944241 0.0457785 -0.0345012 0.904827 0.0440351 -0.0326119 0.904285 -0.0299382 -0.0330636 0.933596 -0.0399763 -0.0334025 0.920898 -0.038589 -0.0322517 0.920197 -0.0289147 -0.0319165 0.932426 -0.0306856 -0.0347317 0.934454 -0.0409095 -0.0350649 0.921449 -0.0161751 -0.0326013 0.942119 -0.0156476 -0.0314581 0.940623 -0.016605 -0.034275 0.943139 -0.0439915 -0.0326225 0.904471 -0.041485 -0.0319483 0.904786 -0.0457292 -0.0346577 0.905288 -0.0462697 -0.0372221 0.905361 -0.036957 -0.0317902 0.919435 -0.0277786 -0.0314696 0.931137 -0.0150821 -0.0310262 0.938883 -0.0412385 -0.0371306 0.921713 -0.0310154 -0.0368137 0.934802 -0.0168573 -0.0363792 0.943498 -0.0374266 -0.0518262 0.923826 -0.0278121 -0.0578833 0.9158 -0.0342792 -0.0552728 0.916898 -0.0440933 -0.0518282 0.905109 -0.0370359 -0.0552058 0.909427 -0.0313916 -0.0580093 0.903507 -0.0423505 -0.0514134 0.915246 0.0130821 0.0549483 0.715586 -0.0130848 0.0563403 0.716185 -0.0130821 0.0549482 0.715586 0.0130848 0.0563404 0.716185 -0.0130559 0.0569131 0.717588 0.0130559 0.0569132 0.717588 0.0495001 0.0410036 0.716296 0.0402012 0.0542195 0.716283 0.0130885 0.0410006 0.715343 -0.0394218 -0.0631997 0.763016 -0.0413853 -0.0624037 0.762174 -0.0397577 -0.0588297 0.787304 0.0495003 -0.0395853 0.722 0.0495003 -0.0382843 0.723922 0.0413625 -0.0330775 0.722 0.0426117 -0.0315155 0.724 0.040827 -0.0318087 0.723361 -0.0493353 0.0412369 0.716293 -0.0444084 0.0513461 0.716875 -0.050718 0.0421867 0.717166 -0.0416118 0.0554498 0.717759 -0.0405484 0.0555644 0.716857 -0.0503351 0.0435817 0.718303 -0.0475463 0.0480682 0.718392 -0.0401947 0.0542248 0.716284 -0.0130555 -0.0649121 0.717588 -0.0409321 -0.0641599 0.718333 -0.0395632 -0.0642086 0.722241 0.021265 -0.0644073 0.762052 0.0130563 -0.064912 0.717588 9.44948e-05 -0.0646381 0.762864 0.0398552 -0.0641923 0.722852 0.0397438 -0.0642031 0.720512 -0.0394012 -0.0639072 0.75763 -0.021281 -0.0644071 0.762056 0.039402 -0.0639069 0.75763 0.0414724 -0.0640454 0.717882 -0.0467699 0.00748649 0.829572 -0.0436662 0.00761833 0.831849 -0.0468622 -0.00760806 0.829522 -0.0512713 0.00790702 0.819364 -0.0506764 0.00763478 0.823159 -0.051362 0.0023632 0.819066 -0.0513937 -0.00223844 0.819043 -0.0513785 -0.00788542 0.819291 -0.0491413 0.00749328 0.826619 -0.0507788 -0.00765548 0.823096 -0.0492387 -0.0075626 0.826563 -0.0437535 -0.00779311 0.831801 -0.0485435 0.0415598 0.863507 -0.0498175 0.0416237 0.811211 -0.0484525 0.0431304 0.842286 -0.0485714 0.0438359 0.811189 -0.0478726 0.0438375 0.840371 -0.0495601 0.0427377 0.808616 -0.0478056 0.0437645 0.844017 -0.0472609 0.0438091 0.863153 3.99537e-07 -0.0589994 0.810993 -0.0389031 -0.0575011 0.811013 -0.0359895 -0.0577155 0.862918 0.0320482 -0.0579834 0.90002 0.0388997 -0.0575062 0.810921 3.99537e-07 -0.0589985 0.9 0.036165 -0.0576306 0.863104 -0.0419998 0.00236323 0.819067 -0.051362 0.0023632 0.819066 -0.0419998 -0.00223841 0.819043 -0.0513937 -0.00223844 0.819043 0.0130825 -0.0629471 0.715586 0.0401937 -0.0622228 0.716283 0.0130889 -0.0489994 0.715343 0.0495004 -0.0490009 0.716296 0.0445172 -0.0592533 0.716905 0.050824 -0.049018 0.716866 0.0405438 -0.0635634 0.716857 0.0505211 -0.0512216 0.71831 0.0475699 -0.0560359 0.718438 -0.044196 0.0430525 0.717009 -0.0410076 0.0430213 0.718336 -0.047358 0.0430076 0.718316 -0.0410057 0.0430089 0.724662 -0.0486688 0.0430115 0.721508 -0.039705 0.0430161 0.721503 -0.0473603 0.0430502 0.724674 -0.0441887 0.0430201 0.725986 -0.0443167 -0.0558772 0.78786 -0.0474013 -0.0535943 0.78437 -0.0455837 -0.0542888 0.797974 -0.0444312 -0.0573441 0.774155 -0.0467689 -0.0565947 0.761138 -0.048571 -0.0518351 0.811189 -0.0500851 -0.0516094 0.760375 0.0413625 -0.0330775 0.718051 0.0396784 -0.0320752 0.71669 0.0495015 -0.0397877 0.717378 0.0381154 -0.032132 0.716001 0.0495004 -0.0418238 0.716297 0.0404131 -0.0584897 0.786866 0.0390683 -0.0588693 0.787281 0.0394227 -0.0631995 0.763016 0.0413945 -0.0623536 0.762351 0.0405474 -0.0312122 0.718058 0.0410037 -0.0303262 0.722 0.0418214 -0.0632465 0.725333 0.0414247 -0.062999 0.757755 -0.0286377 0.0286384 0.714 -0.0373171 0.0157649 0.714 -0.0157643 0.0373179 0.714 0.0157647 -0.0373167 0.714 9.96515e-08 0.0405006 0.714 2.99886e-07 -0.0404994 0.714 0.0157645 0.0373179 0.714 0.028638 0.0286385 0.714 0.0373175 0.0157651 0.714 0.0405002 7e-07 0.714 0.0373175 -0.0157637 0.714 0.0286381 -0.0286372 0.714 -0.0157641 -0.0373167 0.714 -0.0286376 -0.0286373 0.714 -0.0373171 -0.0157639 0.714 -0.0404998 5e-07 0.714 0.041009 -0.0510082 0.724669 0.0441846 -0.0510191 0.725984 0.0486692 -0.0510103 0.721508 0.0473584 -0.0510066 0.718316 0.0397054 -0.051015 0.721503 0.0410111 -0.0510212 0.718329 0.0441937 -0.0510516 0.71701 0.0473632 -0.0510475 0.724666 -0.0416118 0.0554498 0.717759 -0.0397776 0.0562059 0.718274 -0.0397434 0.0562042 0.720512 -0.0431622 -0.0510568 0.846469 -0.0400523 -0.0510374 0.84496 -0.0463456 -0.0510118 0.845445 -0.040237 -0.0510073 0.838928 -0.0484572 -0.0511238 0.842175 -0.038998 -0.0510401 0.841964 -0.0464125 -0.0510349 0.838607 -0.0432353 -0.051058 0.837518 0.0495003 -0.0189399 0.724 -0.0130884 0.0410005 0.715343 -0.048873 0.0458661 0.720628 -0.0386665 -0.0345064 0.868267 -0.0450276 -0.0348221 0.879368 -0.0427719 -0.0354996 0.872223 -0.0469398 -0.0355185 0.880736 -0.0472637 -0.0341723 0.886858 -0.0445247 -0.0518292 0.901355 -0.0324019 -0.0578309 0.900044 -0.0405514 -0.0550608 0.883648 -0.047257 -0.0518104 0.863195 0.0410073 0.0430093 0.718337 0.0441889 0.0430215 0.717011 0.0486673 0.0430119 0.721504 0.0473528 0.0430076 0.724667 0.0397035 0.0430164 0.7215 0.0410061 0.0430219 0.724663 0.0441864 0.043051 0.725986 0.047366 0.0430516 0.718322 0.0157363 0.0373273 0.715412 7.26432e-08 0.0405544 0.715 0.0157645 0.0373179 0.714 0.0157365 -0.037326 0.715412 0.0157647 -0.0373167 0.714 2.99886e-07 -0.0404994 0.715 0.028613 -0.0286621 0.715749 0.0286381 -0.0286372 0.714 2.99886e-07 -0.0404994 0.714 0.0373082 -0.0157918 0.715977 0.0373175 -0.0157637 0.714 0.0405002 7.71e-07 0.716061 0.0373081 0.0157933 0.715977 0.0373175 0.0157651 0.714 0.0405002 7e-07 0.714 0.0286129 0.0286635 0.715749 0.028638 0.0286385 0.714 9.96515e-08 0.0405006 0.714 -0.0394016 0.055908 0.75763 -0.0212646 0.0564084 0.762052 -0.0394223 0.0552006 0.763016 0.0393971 0.0559109 0.757608 0.0394222 0.0552008 0.763016 0.0212743 0.0564065 0.762068 0.0413953 0.0543541 0.762347 0.041416 0.0550053 0.757747 -0.0405211 -0.0635674 0.716859 -0.0417307 -0.0632717 0.71773 -0.0130844 -0.0643393 0.716185 -0.0130817 -0.0629472 0.715586 -0.0402009 -0.0622186 0.716283 -0.0503347 -0.0515809 0.718303 -0.044857 -0.058877 0.716973 -0.0507827 -0.0497854 0.717137 -0.047548 -0.0560329 0.718412 -0.0508244 -0.0485267 0.716332 3.99537e-07 -0.0489994 0.715 2.99886e-07 -0.0404994 0.715 -0.0130881 -0.0489995 0.715343 -0.0157361 0.0373272 0.715412 -0.0286126 0.0286633 0.715749 -0.0508175 0.0409566 0.716336 -0.0373078 0.015793 0.715977 7.26432e-08 0.0405544 0.715 -0.0524987 -0.0039996 0.716375 -0.0404998 4.29e-07 0.716061 -0.0373077 -0.0157921 0.715977 -0.0286125 -0.0286623 0.715749 -0.0157359 -0.0373261 0.715412 -0.0410068 -0.0510535 0.724665 -0.0417914 -0.0630967 0.725301 -0.0397031 -0.0510132 0.7215 -0.0488655 -0.0539131 0.720591 -0.0481591 -0.0551097 0.723987 -0.0486669 -0.0510107 0.721504 -0.0465807 -0.0575236 0.725632 -0.0473525 -0.051007 0.724667 -0.0446422 -0.0596212 0.726219 -0.0441839 -0.0510188 0.725984 -0.0473656 -0.0510503 0.718322 -0.0410069 -0.051008 0.718337 -0.0441885 -0.0510201 0.717011 -0.0496647 0.0340233 0.841541 -0.0485435 0.0415598 0.863507 -0.049132 0.03739 0.853201 -0.0519286 -0.0039996 0.789576 -0.0524987 -0.0039996 0.716375 -0.0523483 -0.0039996 0.752926 -0.0508244 -0.0485267 0.716332 -0.0511126 -0.0196268 0.822843 -0.0498171 -0.0496229 0.811211 -0.0496381 -0.0373396 0.853064 -0.0485381 -0.0495704 0.863615 -0.0501932 -0.033585 0.840374 -0.0504941 -0.0503112 0.76046 -0.0492392 -0.0375661 0.866344 -0.0506314 -0.028965 0.830399 -0.0504948 0.0423117 0.760441 -0.0498175 0.0416237 0.811211 -0.0508488 0.0194611 0.823031 -0.0503221 0.0277803 0.830713 -0.0508175 0.0409566 0.716336 -0.0487605 0.0375087 0.865906 -0.0487888 0.0352585 0.853758 -0.0475385 0.0335234 0.854277 -0.0483623 0.0361762 0.865907 -0.0469495 0.0352502 0.863719 0.0403531 -0.0561417 0.845422 0.0440799 -0.054115 0.846678 0.0478795 -0.0518322 0.840381 0.0458546 -0.0532024 0.838089 0.0475652 -0.0520918 0.844443 0.0485718 -0.0518347 0.811189 0.0431956 -0.0548064 0.837329 0.0401847 -0.0563601 0.838827 0.0388886 -0.0569018 0.842012 -0.0431262 0.0430622 0.846477 -0.0468128 0.0430981 0.845223 -0.0402022 0.0430085 0.845034 -0.0463956 0.0430114 0.838593 -0.0390078 0.0430146 0.842003 -0.0484525 0.0431304 0.842286 -0.0402492 0.0430215 0.838907 -0.0432566 0.0430547 0.837522 5.99772e-07 -0.0290384 0.857314 3.59956e-06 -0.0255218 0.855853 0.00620921 -0.0266064 0.854874 0.00894156 -0.029132 0.855576 0.00924701 -0.0304375 0.857467 2.99886e-07 -0.0304994 0.860832 0.0123658 -0.0267553 0.852258 0.0117354 -0.0240926 0.852048 0.024872 -0.0313661 0.854896 -7.03046e-05 -0.0578339 0.929152 0.0143581 -0.0578505 0.926067 0.027668 -0.0579263 0.915873 0.0313568 -0.0580213 0.90354 -0.0144185 -0.0578433 0.926067 0.0453802 -0.0320965 0.852345 0.0478514 -0.0332231 0.853011 0.0486727 -0.0344899 0.857259 0.0488546 -0.0361193 0.865299 0.0493096 -0.0374173 0.865144 0.0474355 -0.0353089 0.863808 0.0495003 -0.0358613 0.853059 0.0493096 -0.0374173 0.865144 0.0478514 -0.0332231 0.853011 0.0472645 0.0438068 0.86313 0.0485471 0.0415676 0.863322 0.0481494 0.0428497 0.86367 0.0479141 0.0437604 0.840226 0.0485714 0.0438363 0.811189 0.0498176 0.0416241 0.811211 0.0472645 0.0438068 0.86313 0.0477908 0.0438231 0.843838 0.0485471 0.0415676 0.863322 0.0484578 0.0431312 0.842066 0.0495225 0.0426881 0.81116 0.0361461 0.0496344 0.863238 0.040046 0.0483004 0.84494 0.0388876 0.0489035 0.841998 0.0477908 0.0438231 0.843838 0.0455848 0.045213 0.84602 0.042875 0.0467938 0.846505 0.0404743 0.0482238 0.838471 0.0388882 0.0495045 0.810998 0.0485714 0.0438363 0.811189 0.0444073 0.0461049 0.837374 0.0479141 0.0437604 0.840226 0.0362379 0.0336337 0.864533 0.0344616 0.0317176 0.864147 0.0435792 0.033797 0.877799 0.0332289 0.031669 0.859018 0.0455673 0.0327018 0.882616 0.0431434 0.0320069 0.881141 -0.0458542 0.0452035 0.838089 -0.0478726 0.0438375 0.840371 -0.0431953 0.0468075 0.837329 -0.0388882 0.0489029 0.842012 -0.0401844 0.0483612 0.838827 -0.0404033 0.0479625 0.845275 -0.0478056 0.0437645 0.844017 -0.0440801 0.0461168 0.846678 0.0474782 0.0164567 0.83049 0.0495001 0.0260372 0.832933 0.0495002 0.0165818 0.827178 0.0486535 0.031642 0.841875 0.0496 0.03411 0.841976 0.0467816 0.0303063 0.842784 0.0470968 0.0244948 0.83534 0.0434072 0.0258141 0.838587 0.0428664 0.0186473 0.834326 0.0440041 0.0305493 0.845678 0.0436715 0.00770474 0.831847 0.0470057 0.0075646 0.829343 0.0495002 0.00759171 0.825999 0.0488219 0.0353775 0.854012 0.049135 0.0373905 0.8531 0.0474722 0.0334884 0.854321 0.0441277 0.0320412 0.852774 -0.0423423 0.043415 0.915264 -0.0440937 0.043829 0.905109 -0.0370363 0.0472067 0.909427 -0.0342825 0.0472727 0.916898 -0.037427 0.043827 0.923826 -0.0276676 0.0499275 0.915873 -0.0313564 0.0500225 0.90354 -0.0412248 0.047677 0.845999 -0.0440801 0.0461168 0.846678 -0.0395512 0.0485407 0.844351 -0.0403527 0.0481428 0.845422 -0.0445279 0.0493639 0.773375 -0.0466741 0.0486984 0.761041 -0.0413939 0.0543546 0.762353 -0.0473265 0.0458121 0.784447 -0.0447452 0.0473574 0.790347 -0.0485714 0.0438359 0.811189 -0.0389035 0.0495038 0.810974 -0.039778 0.0508307 0.78729 -0.0500856 0.0436103 0.760375 -0.0484672 -0.0369 0.881766 -0.0480015 -0.0355142 0.885959 -0.0435733 -0.0320207 0.88204 -0.0463839 -0.0330326 0.88497 -0.0472637 -0.0341723 0.886858 0.0470163 0.0487938 0.725522 0.0465809 0.0495248 0.725632 0.0482374 0.0469937 0.723917 0.0417918 0.0550978 0.725301 0.048852 0.0459384 0.720551 0.0482374 0.0469937 0.723917 0.0446426 0.0516224 0.726219 0.0395631 0.0562119 0.722241 -0.0456236 -0.0495756 0.904702 0.0484765 -0.036903 0.881654 0.045627 -0.0495759 0.904667 -0.04937 -0.0354308 0.853664 -0.0483277 0.0468663 0.723471 -0.0414095 0.0550113 0.757727 -0.0418095 0.0552514 0.725318 -0.044584 0.0520265 0.726164 -0.0464931 0.0494943 0.725423 -0.0404494 -0.0560734 0.838681 -0.0413262 -0.0557844 0.837944 -0.0444063 -0.054103 0.837374 -0.039579 -0.0566221 0.839603 -0.0404721 -0.0562188 0.838471 -0.0388872 -0.0569024 0.841998 0.043257 -0.0510536 0.837522 0.0402496 -0.0510204 0.838907 0.0463961 -0.0510103 0.838593 0.0402026 -0.0510073 0.845034 0.0484525 -0.0511292 0.842286 0.0390082 -0.0510135 0.842003 0.0468134 -0.051097 0.845222 0.0431266 -0.0510611 0.846477 -0.0398548 0.0561934 0.722852 -9.40999e-05 0.0566392 0.762864 0.0409325 0.056161 0.718333 -0.0247321 -0.0313619 0.854945 -0.00932237 -0.0304253 0.857406 -0.0123652 -0.0267554 0.852258 -0.00621652 -0.0266768 0.854869 -0.00903197 -0.0291597 0.855552 -0.0117348 -0.0240927 0.852048 -0.0453624 -0.0508473 0.902893 0.0500868 -0.0516074 0.760371 0.049523 -0.0506863 0.81116 0.0504954 -0.05031 0.760428 0.0498179 -0.0496225 0.811211 -0.0481489 -0.050849 0.863668 0.0405215 0.0555685 0.716859 0.0404037 -0.0559614 0.845275 0.0412252 -0.0556758 0.845999 0.0395516 -0.0565395 0.844351 0.0417311 0.0552728 0.71773 -0.0472609 0.0438091 0.863153 -0.0481494 0.0428494 0.863671 -0.0440668 0.0320386 0.852822 -0.0332493 0.0316693 0.859009 -0.0384093 0.0345849 0.865505 -0.041427 0.0353012 0.871671 0.0239689 0.0193878 0.843585 0.0399811 0.0192461 0.835557 0.021839 0.0278456 0.847982 0.00889833 0.0291678 0.85561 0.0234617 0.0303837 0.850722 0.0323532 0.0269871 0.842996 0.0340791 0.0304819 0.847276 0.0300121 0.0219416 0.840974 0.0201538 0.0242071 0.846814 0.0123649 0.0267566 0.852258 0.00923148 0.0304277 0.857443 0.0117352 0.0240938 0.852048 0.0249238 0.0313702 0.854953 -0.0382553 0.0428355 0.924348 -0.0386174 0.0415087 0.924571 -0.0456299 0.0415554 0.90466 -0.0431369 0.0415216 0.9153 0.0395794 0.0486232 0.839603 0.0469178 0.0431014 0.838853 0.0432356 0.043059 0.837518 0.0469178 0.0431014 0.838853 0.0402373 0.0430084 0.838928 0.046346 0.0430129 0.845445 0.0389984 0.0430412 0.841964 0.0484578 0.0431312 0.842066 0.0400527 0.0430385 0.84496 0.0431625 0.0430579 0.846469 -0.0214806 0.0415546 0.940522 -1.6585e-05 0.0414868 0.94578 2.52174e-05 0.0429467 0.945166 0.0214877 0.0415517 0.940517 0.0210388 0.0435624 0.939486 -0.0211546 0.0434264 0.939535 0.0132876 0.0438132 0.942219 0.00270567 0.0437066 0.944402 -0.00251834 0.0435987 0.944678 -0.0132874 0.0438131 0.942219 0.0382554 0.0428358 0.924348 0.0386175 0.041509 0.924571 0.0308174 0.0438216 0.931849 0.037427 0.0438273 0.923826 -0.0308175 0.0438214 0.931848 0.0423423 0.0434152 0.915263 0.0342819 0.0472726 0.9169 0.0370363 0.047207 0.909427 0.0440937 0.0438293 0.905109 0.0278088 0.0499169 0.91569 0.0317022 0.049864 0.903673 -0.0305157 0.0401277 0.934254 -0.030664 0.0368024 0.934437 -0.0407815 0.0371191 0.921489 -0.0405946 0.0401287 0.921384 -0.0166611 0.0363722 0.943037 0.0407818 0.03712 0.921488 0.03067 0.0368118 0.934433 0.0405946 0.0401292 0.921386 -0.0165699 0.040128 0.942786 0.0166643 0.0363753 0.943036 0.0165704 0.0401281 0.942786 0.0305149 0.0401282 0.934254 0.0461391 0.0376553 0.904045 0.0456278 0.0415496 0.904683 0.043137 0.041522 0.9153 -0.0457725 0.0372728 0.905303 9.96515e-08 0.0358356 0.946176 0.0453629 0.0428484 0.902893 0.0445251 0.0438303 0.901355 0.0320487 0.0499837 0.900026 0.0386188 0.0471781 0.900818 0.0472278 0.040426 0.887972 0.0458381 0.0403959 0.902867 0.0485015 0.0378906 0.871431 0.0475513 0.0377567 0.886911 0.00437166 0.0430688 0.941504 -0.00414056 0.0430044 0.942138 7.07088e-05 0.0498351 0.929152 -0.0143579 0.0498517 0.926067 0 0.0509997 0.9 0.0144189 0.0498445 0.926067 -0.0320487 0.0499837 0.900027 0.00346115 0.0430214 0.93767 -5.24987e-06 0.043019 0.936017 -0.0040083 0.0430433 0.938071 0.0472278 0.040426 0.887972 0.0495104 0.0403783 0.891109 0.0494262 0.0403611 0.899648 0.0458381 0.0403959 0.902867 0.0472409 0.0355662 0.888093 0.0494576 0.0356062 0.899436 0.0495133 0.0356252 0.891111 0.0459166 0.035585 0.902774 9.96515e-08 0.0305006 0.860831 9.96515e-08 0.0305006 0.8725 0.0106843 0.0308737 0.925346 0.0149047 0.0310211 0.938432 0.0194277 0.0311789 0.919463 9.96515e-08 0.0305006 0.9275 9.96515e-08 0.0305006 0.941187 0.0365189 0.031776 0.919206 0.0253323 0.0313851 0.910724 0.0274503 0.0314593 0.930773 0.0409922 0.0319322 0.904729 0.0275001 0.0314608 0.9 0.0253323 0.0313851 0.889276 0.0194277 0.0311789 0.880537 0.0106843 0.0308737 0.874654 0.0465853 0.0355007 0.869747 0.0462362 0.0354887 0.879428 0.0483514 0.0360837 0.865494 0.0476049 0.0361953 0.880372 0.0417628 0.0353266 0.872309 0.0472293 0.0346468 0.885459 9.96515e-08 0.0290006 0.8725 9.96515e-08 0.0305006 0.8725 -0.0107041 0.0290006 0.874661 9.96515e-08 0.0290006 0.9275 -0.0107041 0.0290006 0.925339 9.96515e-08 0.0305006 0.9275 -0.0106841 0.0308737 0.925346 -0.0194275 0.0311789 0.919463 -0.0194453 0.0290005 0.919445 -0.0274999 0.0290005 0.9 -0.0274999 0.0314608 0.9 -0.0253388 0.0290005 0.910704 -0.0253321 0.0313851 0.910724 -0.0194453 0.0290005 0.880555 -0.0253321 0.0313851 0.889276 -0.0253388 0.0290005 0.889296 -0.0194275 0.0311789 0.880537 -0.0106841 0.0308737 0.874654 0.0194455 0.0290007 0.919445 0.025339 0.0290007 0.910704 0.0107043 0.0290006 0.925339 -0.0107041 0.0290006 0.874661 9.96515e-08 0.0290006 0.9275 9.96515e-08 0.0290006 0.8725 -0.0107041 0.0290006 0.925339 -0.0194453 0.0290005 0.919445 -0.0253388 0.0290005 0.910704 -0.0274999 0.0290005 0.9 -0.0253388 0.0290005 0.889296 -0.0194453 0.0290005 0.880555 0.0107043 0.0290006 0.874661 0.0194455 0.0290007 0.880555 0.025339 0.0290007 0.889296 0.0275001 0.0290007 0.9 0.0470792 0.035173 0.863275 0.0384095 0.0345852 0.865505 0.0332289 0.031669 0.859018 0.0465853 0.0355007 0.869747 0.0417628 0.0353266 0.872309 0.0441277 0.0320412 0.852774 0.0495001 0.0410008 0.828434 0.050495 0.0423116 0.760428 0.0508161 0.041012 0.716928 0.0505216 0.043218 0.718255 0.0498176 0.0416241 0.811211 0.0362379 0.0336337 0.864533 0.0488219 0.0353775 0.854012 0.0444073 0.0461049 0.837374 0.0177126 0.0471676 0.932799 -0.0193391 0.0455818 0.936287 -0.0160415 0.0485642 0.929263 0 0.0485578 0.932753 -0.0177126 0.0471674 0.932799 -0.0044621 0.0452221 0.941344 -0.00384676 0.046738 0.938115 -0.00143001 0.0475764 0.936221 0.00240879 0.0474162 0.93656 0.0193391 0.045582 0.936287 0.00433608 0.0462923 0.939029 0.00457836 0.0451396 0.941472 0.00270567 0.0437066 0.944402 0.0461391 0.0376553 0.904045 0.0495098 0.0379582 0.901167 0.0494262 0.0403611 0.899648 0.0495104 0.0403783 0.891109 0.0494576 0.0356062 0.899436 0.0495133 0.0356252 0.891111 0.0495031 0.0379833 0.888789 0.0495098 0.0379582 0.901167 0.0452566 0.0346815 0.905233 0.0459166 0.035585 0.902774 0.0434991 0.032718 0.905022 0.0457365 0.0336241 0.893268 0.0472409 0.0355662 0.888093 0.0455673 0.0327018 0.882616 0.0472293 0.0346468 0.885459 0.0405518 0.0470619 0.883648 0.0160017 0.0326208 0.941687 0.0285943 0.0319135 0.932071 0.0154733 0.0314603 0.940185 0.0296208 0.033078 0.933245 0.0381634 0.032245 0.919973 0.0395559 0.0334132 0.920675 0.0164304 0.0343165 0.942702 0.0303649 0.0347679 0.934099 0.0404843 0.0350973 0.921224 9.96515e-08 0.0312281 0.943783 9.96515e-08 0.0331974 0.945624 0.0431373 -0.0495206 0.9153 0.0423512 -0.0514132 0.915246 0.0386178 -0.0495076 0.924571 0.0440941 -0.0518279 0.905109 0.0382557 -0.0508344 0.924348 0.0374274 -0.0518259 0.923826 -0.0445251 0.04383 0.901355 -0.0405518 0.0470616 0.883648 -0.0361461 0.0496336 0.863279 -0.0428667 0.0185135 0.834325 -0.0474763 0.0163998 0.830491 -0.048652 0.0316349 0.841932 -0.0467801 0.0302975 0.842842 -0.0494614 0.0259247 0.832957 -0.0470951 0.0244649 0.835363 -0.0501877 0.0175877 0.826535 -0.0434259 0.0258565 0.838689 -0.0439976 0.0304964 0.845682 -0.0440668 0.0320386 0.852822 -0.0487888 0.0352585 0.853758 0.0440799 -0.054115 0.846678 0.0488453 -0.0540053 0.721308 0.0480926 -0.0552061 0.724048 0.0449196 -0.0596366 0.726234 0.0495031 0.0379833 0.888789 0.0475513 0.0377567 0.886911 -0.0296205 0.0330778 0.933245 -0.028594 0.0319133 0.932071 -0.0381632 0.0322447 0.919973 -0.0395557 0.0334129 0.920675 -0.0160015 0.0326207 0.941687 -0.0154731 0.0314601 0.940185 -0.0303647 0.0347677 0.934099 -0.0404841 0.035097 0.921224 -0.0164301 0.0343164 0.942702 -0.0365186 0.0317757 0.919206 -0.040992 0.0319319 0.904729 -0.0274501 0.0314591 0.930773 -0.0149045 0.031021 0.938432 -0.0435848 0.0325963 0.904061 -0.0456356 0.0349272 0.904311 -0.0344356 -0.0317123 0.864119 -0.0229786 -0.0313019 0.877017 -0.0439646 -0.0320459 0.852979 -0.0328892 -0.0316901 0.859339 -0.0299449 -0.0315452 0.887347 -0.0126479 -0.0309411 0.870053 2.99886e-07 -0.0304994 0.8675 -0.0324997 -0.0316344 0.9 -0.0299449 -0.0315452 0.912653 -0.0229786 -0.0313019 0.922983 -0.0126479 -0.0309411 0.929947 2.99886e-07 -0.0304994 0.9325 0.0370367 -0.0552056 0.909427 0.0342829 -0.0552716 0.916898 -0.0177122 -0.0551664 0.932799 0.0132878 -0.051812 0.942219 0.0193395 -0.0535807 0.936287 0.00245326 -0.0515497 0.944741 0.0160419 -0.0565631 0.929263 3.99537e-07 -0.0565566 0.932753 0.017713 -0.0551663 0.932799 0.0211588 -0.0514279 0.939529 0.00446252 -0.0532208 0.941344 0.00384715 -0.0547368 0.938115 0.0014304 -0.0555752 0.936221 -0.00240813 -0.0554148 0.93656 -0.0210362 -0.0515672 0.939481 -0.0132872 -0.051812 0.942219 -0.0193387 -0.0535808 0.936287 -0.00433569 -0.0542911 0.939029 -0.00270581 -0.0517055 0.944401 -0.00457797 -0.0531384 0.941472 0.0308179 -0.0518203 0.931848 -0.030817 -0.0518205 0.931849 -0.0324997 -0.0316344 0.9 -0.0324997 -0.0289995 0.9 -0.0299449 -0.0315452 0.912653 0.0325003 -0.0316342 0.9 0.0299455 -0.031545 0.912653 0.0325003 -0.0289993 0.9 0.0229792 -0.0313018 0.922983 0.0299463 -0.0289993 0.91265 0.0126485 -0.030941 0.929947 0.0229813 -0.0289993 0.922981 2.99886e-07 -0.0304994 0.9325 0.0126508 -0.0289994 0.929946 -0.0126479 -0.0309411 0.929947 -0.0126502 -0.0289994 0.929946 2.99886e-07 -0.0289994 0.9325 -0.0229786 -0.0313019 0.922983 -0.0229807 -0.0289995 0.922981 -0.0299457 -0.0289995 0.91265 0.0453632 -0.050847 0.902893 0.0445255 -0.0518289 0.901355 0.0450331 -0.0348204 0.879383 0.0478246 -0.0349855 0.886814 0.0463472 -0.0330236 0.884896 0.0469439 -0.0355188 0.880743 0.0439335 -0.0325053 0.879846 0.0435728 -0.0320203 0.882046 0.0405522 -0.0550605 0.883648 0.0500856 0.0436107 0.760376 0.0390679 0.0508709 0.787282 0.0404068 0.0504651 0.787044 0.00619922 0.0266774 0.854881 -0.00629242 0.0266385 0.854853 -0.0001144 0.0255223 0.855853 -0.011735 0.0240942 0.852048 0 0.0510005 0.810993 0 0.0523982 0.787398 -0.0466827 0.0355346 0.880325 -0.0469766 0.0342694 0.885427 -0.041427 0.0353012 0.871671 -0.0434053 0.0337963 0.877473 -0.0299915 0.0219908 0.840982 -0.0201971 0.0242399 0.846782 -0.023937 0.0193095 0.843603 -0.012369 0.0267564 0.852255 -0.0399028 0.0192834 0.835604 -0.03233 0.0270213 0.843031 -0.0218613 0.0278658 0.847981 -0.0340599 0.030496 0.847337 -0.0234612 0.0303904 0.850748 -0.00894539 0.0291355 0.855561 -0.00925568 0.0304396 0.857451 -0.0247841 0.0313642 0.854947 0.0299991 -0.0220935 0.840941 0.020315 -0.0242673 0.846685 0.0239855 -0.0193548 0.843572 0.0398003 -0.0194454 0.835634 0.0323089 -0.0270782 0.842994 0.0428265 -0.0259816 0.838755 0.0219264 -0.0278793 0.84792 0.0340296 -0.0305133 0.847283 0.023482 -0.0303928 0.850711 0.0444621 -0.0304591 0.845399 0.0431275 -0.0185151 0.834173 0.0436276 -0.0260084 0.839037 0.0437539 -0.00779252 0.831801 0.0485718 -0.0518347 0.811189 0.0498179 -0.0496225 0.811211 0.0475652 -0.0520918 0.844443 0.0485382 -0.0495489 0.863738 0.0484525 -0.0511292 0.842286 0.0478795 -0.0518322 0.840381 0.0472565 -0.0518109 0.863207 0.0466712 0.0487025 0.761041 0.0475483 0.048034 0.718412 0.0418295 0.0552361 0.725471 0.044723 0.0518502 0.726357 0.0470163 0.0487938 0.725522 -0.0239877 -0.0193543 0.843571 0.0472293 0.0346468 0.885459 -0.0106841 0.0308737 0.925346 -0.0332493 0.0316693 0.859009 -0.0344894 0.0317131 0.864189 -0.0106841 0.0308737 0.874654 -0.0194275 0.0311789 0.880537 -0.0431388 0.0320063 0.881139 -0.0253321 0.0313851 0.889276 -0.0274999 0.0314608 0.9 -0.0253321 0.0313851 0.910724 -0.0194275 0.0311789 0.919463 0.0107043 0.0290006 0.925339 0.0107043 0.0290006 0.874661 0.0106843 0.0308737 0.874654 0.0194277 0.0311789 0.880537 0.0194455 0.0290007 0.880555 0.0275001 0.0290007 0.9 0.0275001 0.0314608 0.9 0.025339 0.0290007 0.889296 0.0253323 0.0313851 0.889276 0.0194455 0.0290007 0.919445 0.0253323 0.0313851 0.910724 0.025339 0.0290007 0.910704 0.0194277 0.0311789 0.919463 0.0106843 0.0308737 0.925346 0.0495001 0.0410008 0.828434 0.0508161 0.041012 0.716928 0.0495001 0.0410036 0.716296 -0.0360025 0.0334668 0.864211 -0.0456373 0.0327668 0.882646 -0.0360025 0.0334668 0.864211 -0.047966 0.0374367 0.881219 -0.0477334 0.0361104 0.882899 0.0495004 -0.0325644 0.84236 0.046874 -0.0170169 0.831401 0.0467361 -0.024932 0.836353 0.0495 -0.0178299 0.828491 0.0494773 -0.0260227 0.833911 0.0483669 -0.0312939 0.84304 0.0467078 -0.0303736 0.843592 0.0495002 -0.00756621 0.826118 0.0470243 -0.00760089 0.829364 0.0495004 -0.0489997 0.829731 0.0386414 -0.034501 0.868227 0.032912 -0.0316906 0.859334 0.0384097 -0.0345838 0.865505 0.0427725 -0.0354993 0.872223 0.032912 -0.0316906 0.859334 0.0427725 -0.0354993 0.872223 0.0344728 -0.0317118 0.864169 0.0478246 -0.0349855 0.886814 -0.0034378 -0.0510164 0.93766 -0.0041886 -0.0509994 0.940142 -0.0027105 -0.0509994 0.943714 4.99096e-06 -0.0510536 0.936014 0.00346071 -0.0510254 0.937651 0.00466676 -0.0509987 0.940699 0.000305731 -0.0510144 0.94516 -0.00395554 -0.0509821 0.942171 0.0386192 -0.0551767 0.900818 0.0407234 -0.0461115 0.921452 -0.0306112 -0.0461118 0.934363 -0.0407227 -0.0461118 0.921452 -0.0166226 -0.0461117 0.942921 1.09375e-05 -0.0493187 0.945806 0.016623 -0.0461116 0.942921 0.0306117 -0.0461115 0.934363 -0.0431365 -0.0495208 0.9153 -0.038617 -0.0495079 0.924571 -0.0214826 -0.0497233 0.940421 0.0214807 -0.0497279 0.940422 0.0126485 -0.030941 0.870053 0.0229792 -0.0313018 0.877017 0.0299455 -0.031545 0.887347 0.0325003 -0.0316342 0.9 0.0299455 -0.031545 0.912653 0.0229792 -0.0313018 0.922983 0.0126485 -0.030941 0.929947 0.0463472 -0.0330236 0.884896 0.0478246 -0.0349855 0.886814 -0.0382549 -0.0508347 0.924348 0.0299455 -0.031545 0.887347 -0.0299449 -0.0315452 0.887347 -0.0229786 -0.0313019 0.877017 -0.0299457 -0.0289995 0.88735 -0.0126479 -0.0309411 0.870053 -0.0229807 -0.0289995 0.877019 2.99886e-07 -0.0304994 0.8675 -0.0126502 -0.0289994 0.870054 0.0126485 -0.030941 0.870053 0.0126508 -0.0289994 0.870054 2.99886e-07 -0.0289994 0.8675 0.0229792 -0.0313018 0.877017 0.0229813 -0.0289993 0.877019 0.0299463 -0.0289993 0.88735 -0.0229807 -0.0289995 0.877019 -0.0126502 -0.0289994 0.870054 -0.0299457 -0.0289995 0.88735 0.0299463 -0.0289993 0.91265 -0.0324997 -0.0289995 0.9 0.0325003 -0.0289993 0.9 -0.0299457 -0.0289995 0.91265 -0.0229807 -0.0289995 0.922981 -0.0126502 -0.0289994 0.929946 2.99886e-07 -0.0289994 0.9325 0.0126508 -0.0289994 0.929946 0.0229813 -0.0289993 0.922981 0.0299463 -0.0289993 0.88735 0.0229813 -0.0289993 0.877019 0.0126508 -0.0289994 0.870054 2.99886e-07 -0.0289994 0.8675 -0.0469766 0.0342694 0.885427 -1.40006e-05 0.0290377 0.857312 -0.0477334 0.0361104 0.882899 -0.0469766 0.0342694 0.885427 -0.0456373 0.0327668 0.882646 -0.0453628 0.0428481 0.902892 0.0473278 0.0458105 0.784395 0.0445341 0.0493388 0.77346 0.0447419 0.0473532 0.790358 -0.0386188 0.0471779 0.900818 0.0495 -0.00353012 0.716299 0.0494937 -0.0120256 0.717244 0.0495002 -0.0127164 0.722894 0.0495003 -0.0382843 0.723922 0.0495003 -0.0395853 0.722 0.0495004 -0.0490009 0.716296 0.0495004 -0.0418238 0.716297 0.0495015 -0.0397877 0.717378 0.0495002 -0.00756621 0.826118 0.0495003 -0.0189399 0.724 0.0495 -0.0178299 0.828491 0.0495002 0.0165818 0.827178 0.0495002 0.00759171 0.825999 0.0494773 -0.0260227 0.833911 0.0495004 -0.0325644 0.84236 0.0495003 -0.0358613 0.853059 0.0495001 0.0260372 0.832933 0.0495001 0.0410036 0.716296 -0.0418291 -0.063235 0.725471 -0.0414163 -0.0630039 0.757747 -0.0234887 -0.0303936 0.850708 -0.0397822 -0.0194575 0.835645 -0.0428186 -0.0259894 0.838761 -0.043127 -0.0185162 0.834173 -0.0299874 -0.0221025 0.840947 -0.0203154 -0.0242688 0.846684 -0.032306 -0.0270841 0.842997 -0.02193 -0.0278804 0.847919 -0.0340355 -0.0305162 0.847283 -0.0444615 -0.0304598 0.8454 -0.043627 -0.0260095 0.839037 0.0450247 -0.0196516 0.716179 0.0461558 -0.0206784 0.71677 0.0495 -0.00353012 0.716299 0.0461399 -0.0217202 0.718161 0.0494937 -0.0120256 0.717244 -0.0130884 0.0410005 0.715343 7.26432e-08 0.0405544 0.715 0.0130885 0.0410006 0.715343 0.0130852 -0.0643392 0.716185 0.0466762 -0.0566948 0.761042 0.046143 -0.0217212 0.722 0.0495002 -0.0127164 0.722894 0.0466732 -0.0219708 0.723414 -0.0157359 -0.0373261 0.715412 -0.0157641 -0.0373167 0.714 -0.0157361 0.0373272 0.715412 -0.0157643 0.0373179 0.714 -0.0286126 0.0286633 0.715749 -0.0286377 0.0286384 0.714 -0.0373078 0.015793 0.715977 -0.0373171 0.0157649 0.714 -0.0404998 4.29e-07 0.716061 -0.0373077 -0.0157921 0.715977 -0.0373171 -0.0157639 0.714 -0.0404998 5e-07 0.714 -0.0286125 -0.0286623 0.715749 -0.0286376 -0.0286373 0.714 0.044856 0.0508785 0.716972 -0.0386184 -0.055177 0.900818 -0.0464931 0.0494943 0.725423 -0.044584 0.0520265 0.726164 3.99537e-07 -0.0489994 0.715 -0.0130881 -0.0489995 0.715343 0.0130889 -0.0489994 0.715343 0.0449196 -0.0596366 0.726234 -0.0480015 -0.0355142 0.885959 -0.0439194 -0.0325042 0.879819 -0.0463839 -0.0330326 0.88497 -0.0472637 -0.0341723 0.886858 0.0157365 -0.037326 0.715412 0.028613 -0.0286621 0.715749 0.0373082 -0.0157918 0.715977 0.0373081 0.0157933 0.715977 0.0405002 7.71e-07 0.716061 0.0286129 0.0286635 0.715749 0.0157363 0.0373273 0.715412 0.0445284 -0.0573627 0.773374 0.0473268 -0.0538108 0.78445 0.0447452 -0.0553567 0.790346 -0.0384091 -0.034584 0.865505 -0.0471027 -0.0354996 0.869411 -0.0488744 -0.0361459 0.865525 -0.0484986 -0.034424 0.857314 -0.0474857 -0.0327486 0.852519 -0.0439646 -0.0320459 0.852979 -0.0475617 -0.0351826 0.863168 -0.0328892 -0.0316901 0.859339 -0.0471027 -0.0354996 0.869411 -0.0427719 -0.0354996 0.872223 -0.0472235 -0.0303044 0.842731 -0.0474314 -0.0244799 0.835263 -0.0503976 -0.017583 0.826473 -0.0476748 -0.016441 0.830416 -0.049801 -0.0259126 0.832854 -0.0508512 -0.0277439 0.830143 -0.0490903 -0.0316231 0.841813 -0.04937 -0.0354308 0.853664 -0.0477904 -0.051822 0.843838 -0.0456149 -0.0531887 0.84601 -0.0428769 -0.0547945 0.846507 -0.0478331 -0.05188 0.839885 -0.0400465 -0.0563001 0.844942 3.99537e-07 -0.0603971 0.787398 -0.0478331 -0.05188 0.839885 -0.048571 -0.0518351 0.811189 -0.0498171 -0.0496229 0.811211 -0.047257 -0.0518104 0.863195 -0.0477904 -0.051822 0.843838 -0.0485381 -0.0495704 0.863615 -0.0484572 -0.0511238 0.842175 -0.0495221 -0.0506868 0.81116 -0.0481591 -0.0551097 0.723987 -0.0470159 -0.0567926 0.725522 -0.0447227 -0.059849 0.726357 0.0495004 -0.0489997 0.829731 0.0495004 -0.0490009 0.716296 0.050824 -0.049018 0.716866 -0.0470159 -0.0567926 0.725522 -0.0478331 -0.05188 0.839885 -0.0444063 -0.054103 0.837374</float_array>
					<technique_common>
						<accessor count="1073" source="#base2_M1KShape1.positions-array" stride="3">
							<param name="X" type="float"/>
							<param name="Y" type="float"/>
							<param name="Z" type="float"/>
						</accessor>
					</technique_common>
				</source>
				<source id="base2_M1KShape1.normals">
					<float_array id="base2_M1KShape1.normals-array" count="3219">-0 0.000574 1 -0 0.000574 1 -0.000107 -0.017392 0.999849 -0.000107 -0.017393 0.999849 0.556544 -0.830635 0.017451 0.862777 -0.50505 0.023241 0.996615 -0.075975 0.031413 0.493428 0.691756 0.527259 0.612138 0.419008 0.670612 0.348201 0.394538 0.85035 0.287492 0.690906 0.663323 0.647385 0.684141 0.335921 0.815504 0.390177 0.427452 0.308614 0.898673 0.311681 0.182813 0.906079 0.381577 0.38981 0.900434 0.193046 0.360993 -0.049404 0.931259 -2.9e-05 -0.052529 0.998619 0.664296 -0.049064 0.745858 0.883458 -0.05234 0.465577 0.991832 -0.055367 0.114912 0.034897 0.999391 -0 0.034896 0.999391 0 0.034897 0.999391 -0 0.034897 0.999391 -0 0.034897 0.999391 -0 0.015629 0.470202 0.882421 0.028371 0.855641 0.516792 0.865187 0.492551 0.094051 0.509196 0.859212 0.049745 -0.49343 0.691757 0.527256 -0.647385 0.684143 0.335919 -0.389812 0.900434 0.193044 -0.308617 0.898672 0.311678 -0.612139 0.419008 0.670611 -0.815504 0.390176 0.427452 -0.287496 0.690906 0.663321 -0.182819 0.906078 0.381576 -0.348203 0.394538 0.85035 -0.503695 0.862148 0.054701 -0.034903 0.999391 0 -0.88309 0.458335 0.1004 -0.991831 -0.055374 0.114912 -0.034903 0.999391 0 -0.034904 0.999391 -1e-06 -0.034903 0.999391 0 -0.882233 -0.052981 0.467822 -0.664521 -0.049581 0.745623 -0.361204 -0.050178 0.931136 -0.444394 -0.848656 0.286874 -0.122997 -0.986921 0.104205 -0.387096 -0.902321 0.189668 -0.53264 -0.843954 0.063531 -0.414714 -0.903607 0.107271 -0.066842 -0.997737 0.007264 -0.59389 -0.77544 0.214448 0.026173 0.017453 -0.999505 -0.027482 0.71364 -0.699973 -0.026173 0.017452 -0.999505 0.027477 0.71364 -0.699973 -0.01306 0.999914 0.001196 0.013053 0.999914 0.001196 0.045966 0.016044 -0.998814 0.02648 0.017138 -0.999502 0.026168 0.017447 -0.999505 -0.078335 -0.969145 0.233712 -0.696405 -0.696688 0.172179 -0.161123 -0.979747 0.118895 0.624559 0.780978 0.000531 0.117418 0.146825 -0.982169 0.624559 0.780978 0.000531 -0.00037 -0.000463 -1 0.717551 0.158087 -0.678328 -0.025463 0.015819 -0.999551 -0.74012 0.604813 0.29398 -0.996674 0.080795 -0.010614 -0.631372 0.079819 0.771361 -0.100554 0.680021 -0.726265 -0.873761 0.486355 0.000712 -0.070643 0.620767 0.780806 -0.026369 0.017413 -0.999501 4e-06 -0.999969 0.007858 -0.244703 -0.938955 0.241834 -0.065859 -0.997829 -0.000563 0.012864 -0.997414 0.070705 4e-06 -0.999969 0.007858 -0.000663 -0.997704 0.067725 0.031618 -0.999499 -0.001627 0.552188 -0.828482 0.093302 -0.007281 -0.99988 0.013689 -0.013429 -0.997522 0.069067 0.007289 -0.99988 0.013684 0.430079 -0.809182 0.400321 -0.69161 -0.032226 0.721552 -0.480317 -2e-06 0.877095 -0.691211 0.031504 0.721966 -0.999503 0.019557 0.024709 -0.958968 -0.023318 0.282553 -0.99941 0.008491 0.033286 -0.999469 0.004817 0.03223 -0.999679 -0.005918 0.024632 -0.853642 -0.044244 0.518977 -0.958649 0.028425 0.283167 -0.8532 0.044359 0.519694 -0.480026 -2e-06 0.877254 -0.869399 0.493622 0.021966 -0.869399 0.493622 0.021966 -0.869399 0.493622 0.021966 -0.869399 0.493622 0.021966 -0.869399 0.493622 0.021966 -0.878821 0.476645 0.022002 -0.869399 0.493622 0.021966 -0.869399 0.493622 0.021966 4e-06 -1 0 -0.151028 -0.988523 0.003434 -0.137961 -0.990428 0.004299 0.097514 -0.995216 0.006062 0.116969 -0.993134 0.001789 4e-06 -1 0 0.387137 -0.921876 0.016423 6e-06 0.005103 -0.999987 6e-06 0.005103 -0.999987 6e-06 0.005103 -0.999987 6e-06 0.005103 -0.999987 0.026168 -0.017447 -0.999505 0.02637 -0.017393 -0.999501 0.026168 -0.017447 -0.999505 0.027355 -0.014933 -0.999514 0.500521 -0.447025 0.741382 0.984257 -0.096612 -0.147999 0.103785 -0.679905 -0.725919 0.926221 -0.376978 0.001583 -0.013429 -0.587806 0.80889 0.004081 0.132033 0.991237 -0.666716 0.336458 0.665046 0.418721 0.805405 0.419519 -0.540042 0.653108 -0.530854 0.60438 0.796696 -0.000661 -0.972941 0.231055 -0.000707 0.688875 0.187918 -0.700098 -0.008817 0.293691 -0.95586 -0.570427 -0.817945 0.074693 -0.663917 -0.746319 0.047146 -0.542321 -0.839048 0.043431 -0.658962 -0.745027 0.103463 -0.796282 -0.600575 0.072419 -0.581566 -0.813409 0.012125 -0.86016 -0.509832 0.014002 0.62455 0.780985 0.000491 0.637121 0.253625 -0.72784 0.603523 0.745495 -0.282838 0.028536 0.001318 -0.999592 0.05172 0.030695 -0.99819 0.558965 -0.821821 0.110311 0.0745 -0.9903 0.117283 0.078417 -0.969147 0.233676 0.69739 -0.695374 0.173499 0.882444 -0.47028 0.011367 0.803691 -0.595046 0 0.761331 -0.636879 -0.121492 0.716829 -0.696879 0.022707 0 0 -1 0 0 -1 0 0 -1 0 0 -1 0 0 -1 0 0 -1 0 0 -1 0 0 -1 0 0 -1 0 0 -1 0 0 -1 0 0 -1 0 0 -1 0 0 -1 0 0 -1 0 0 -1 0.592438 -0.553634 -0.585241 0.011938 -0.388697 -0.921288 -0.603214 -0.797579 2e-05 -0.418729 -0.805416 0.419489 0.97294 -0.231058 -0.00093 0.679367 -0.275187 0.680245 -0.006547 -0.213735 0.97687 -0.675222 -0.269135 -0.686761 0.109303 0.989868 -0.090637 -0.153383 0.988163 0.002595 -0.587721 0.804515 0.085673 -0.061493 -0.359491 -0.93112 -0.536794 -0.7035 -0.465769 0.122055 -0.979673 -0.159198 -0.297889 -0.911387 0.283964 0.303044 -0.952242 -0.037418 -0.884021 -0.467396 0.006875 0.387373 -0.794757 0.46723 -0.058968 -0.272369 0.960384 0 0 -1 -0.026168 0.01745 -0.999505 0.019697 0.985769 0.166948 -0.586183 0.754825 -0.294326 -0.839445 0.207294 -0.502357 0.000469 1 0.000307 -0.144153 0.988667 -0.041923 -0.908986 0.31123 -0.277272 -0.537028 -0.841486 0.059184 -0.334078 -0.941356 0.047331 -0.45235 -0.891175 0.034435 -0.554494 -0.831986 0.018312 0.538217 0.655745 0.529453 0.008959 0.310365 0.950575 -0.603334 0.797487 -0.001668 -0.435586 0.787328 -0.436324 0.972694 0.23209 0.000327 0.667535 0.334321 -0.665302 -0.001543 0.121833 -0.99255 -0.685631 0.212182 0.69634 0.38888 0.921288 0 -3.1e-05 1 0 0.389559 0.921002 0 0.388886 -0.921286 0 0.389563 -0.921 0 -2.3e-05 -1 0 0.706492 -0.707721 0 0.707106 -0.707108 0 -2.3e-05 -1 0 0.920719 -0.390225 0 0.921005 -0.389551 0 1 5e-06 0 0.920717 0.390232 0 0.921003 0.389555 0 1 4e-06 0 0.706488 0.707725 0 0.707103 0.70711 0 -3e-05 1 0 -0.04086 0.998976 0.019416 -0.027176 0.997438 0.066171 -0.078403 0.969148 0.233679 0.040167 0.999054 0.016655 0.078392 0.969149 0.233676 0.029278 0.996058 0.083731 0.697634 0.69511 0.173576 0.71575 0.697989 0.022658 -0.117355 -0.681923 -0.721948 -0.618545 -0.084041 0.781242 -0.027495 -0.71364 -0.699973 -0.026173 -0.017452 -0.999505 -0.026433 -0.017177 -0.999503 -0.873759 -0.486359 0.000712 -0.47681 -0.543364 0.690947 -0.997164 -0.074591 -0.009962 0.187372 -0.496599 0.847515 -0.03044 -0.001569 -0.999535 -0.026187 -0 -0.999657 -0.026187 -0 -0.999657 -0.026187 -0 -0.999657 -0.026187 -0 -0.999657 -0.026187 -0 -0.999657 -0.026187 -1.8e-05 -0.999657 -0.026187 -0 -0.999657 -0.026128 -0.000853 -0.999658 -0.026187 -0 -0.999657 -0.026187 -0 -0.999657 -0.026187 -0 -0.999657 -0.026187 -0 -0.999657 -0.026187 -0 -0.999657 -0.700725 -0.140671 -0.699425 -0.537672 -0.000163 -0.843154 -0.963787 -0.266673 0.000782 0.135013 -0.989287 0.055523 0.847177 3e-06 -0.531311 0.603358 -0.797469 -0.001678 0.304098 -0.080072 -0.94927 0.462357 -0.755057 -0.464882 0.09223 0 -0.995738 0.001701 -0.29182 -0.956472 0.68568 -0.212129 0.696307 -0.53652 -0.658486 0.527771 -0.00896 -0.310378 0.950571 -0.998957 0.022946 0.039481 -0.996656 0.076126 0.0297 -0.997231 0.068979 0.027782 -0.999886 -5e-06 0.015115 -1 -5e-06 0.000475 -0.99997 -5e-06 0.007785 -0.997242 -0.074218 0.00048 -0.999424 -0.02605 0.021762 -0.996916 -0.076043 0.019393 -0.998068 -0.055571 0.027775 -0.996358 -0.07233 0.045166 -0.99532 0.061528 0.074519 -0.996973 -0.077194 0.009268 -0.996977 -0.054506 0.055369 -0.998863 -0.041613 0.023262 -0.996976 0.077178 0.009115 -0.996917 0.076035 0.019393 -0.998998 0.039097 0.021792 -0.998536 0.027783 0.046419 -0.997175 0.075078 -0.002512 -0.997475 0.061152 0.036118 -0.939424 -0.336172 -0.066864 -0.533446 -0.839537 0.103014 -0.762839 -0.642252 0.074759 -0.068449 -0.990499 0.119274 0.48564 -0.874003 0.016503 0.481593 -0.876061 -0.024212 0.467805 -0.883416 0.027102 0.453799 -0.886432 0.091129 0.457256 -0.88924 -0.013024 0.48564 -0.874003 0.016503 0.477519 -0.834987 0.273445 0.637987 -0.733424 0.234654 0.641775 -0.766789 0.01258 -0.084586 0.267843 -0.959742 0.447595 0.763872 -0.464928 -0.292398 0.916538 -0.272875 0.175755 0.960249 0.216869 -0.837028 0.54716 0.000252 0.265596 0.963998 -0.012885 -0.609643 0.530819 0.588699 -0.052449 0.422073 0.905043 0.00861 0.707062 0.707099 0.000168 0 1 0.31171 -0.000393 0.950177 0.264968 0.700246 0.662908 0.133084 0.924854 0.356278 0.034894 0.999391 0 0.441873 0.375694 0.814618 0.586756 2e-06 0.809764 0.045261 0.998975 0.000392 -0.000402 -0.998544 0.053953 0.066262 -0.983661 0.167392 0.174436 -0.975147 0.136608 0.171431 -0.984655 0.03266 -0.036306 -0.993515 0.10775 0.10106 0.991062 0.087078 0.640578 0.76771 0.016755 0.592962 0.789595 0.157911 0.750055 0.658249 0.064225 0.996845 -0.06102 0.050766 0.057936 0.992777 0.105059 0.953044 0.299932 0.0418 0.925498 0.375189 0.051844 0.953044 0.299932 0.0418 0.556473 0.830681 0.017511 0.996621 0.07623 0.030577 0.862751 0.505098 0.02315 0.869376 0.493663 0.021966 0.869376 0.493663 0.021966 0.869376 0.493663 0.021966 0.869376 0.493663 0.021966 0.869376 0.493663 0.021966 0.869376 0.493663 0.021966 0.869376 0.493663 0.021966 0.883197 0.468531 0.021033 0.378024 0.925681 0.014619 0.556185 0.828498 -0.065184 0.632972 0.774017 0.015609 0.34534 0.935665 -0.072609 0.402229 0.898251 -0.177082 0.483886 0.751465 -0.448502 0.632565 0.724032 0.275026 0.138991 0.990291 0.002329 0.485643 0.874002 0.016468 0.48259 0.875477 0.025438 0.327878 0.938331 0.109686 0.885966 0.249111 -0.391163 0.07869 -0.996733 -0.018229 0.850684 -0.063748 -0.521797 0.121128 -0.991622 0.044879 0.682841 -0.68258 -0.260411 0.034337 -0.99941 0.000589 -0.490324 0.865008 0.106509 -0.549026 0.835398 0.026108 -0.480125 0.829835 0.284348 -0.590624 0.806814 0.01466 -0.577561 0.791324 0.200574 -0.683972 -2e-06 -0.729508 -0.357282 0.92651 -0.118022 0.132597 0 -0.99117 0.717717 -0.232298 0.656445 0.892243 -0.331431 0.306686 0.885736 -0.148793 0.439697 0.789615 -0.545007 0.281913 0.998324 0.006738 0.057483 0.494104 -0.775077 0.393848 0.629402 -0.489092 0.603856 0.192866 -0.666523 0.720104 0.339855 -0.36518 0.866684 0.056406 -0.925617 0.374234 0.480302 2e-06 0.877103 0.707812 -0.007581 0.706361 0.879116 -0.013223 0.476425 0.92726 -0.373664 0.023763 0.997231 0.068986 0.027762 0.509103 -0.854774 0.100873 0.032926 -0.999457 -0.001445 -0.594271 0.775301 0.213893 -0.532644 0.843951 0.06353 -0.414723 0.903603 0.107272 -0.38045 0.905753 0.186731 -0.444401 0.848653 0.286874 -0.152295 0.978792 0.137012 -0.16936 0.98504 0.031848 -0.559923 0.791241 -0.245812 -0.490769 0.86898 -0.063401 -0.535378 0.842219 -0.06355 -0.40062 0.913662 0.068744 -0.646922 0.755436 0.103965 -0.792921 0.605062 0.071945 -0.699336 0.693477 0.173259 -0.665753 0.744751 0.046033 -0.525464 0.848101 0.067909 -0.581507 0.813451 0.012125 -0.133441 0.991053 0.002587 -0.158908 0.980101 0.118952 -0.860137 0.509905 0.012673 -0.99769 -0.023492 0.063737 -0.950309 0.303696 0.068426 -0.034569 0.999402 0.000572 -0.635215 0.771278 0.040407 -0.811652 0.581184 0.058703 0.735867 0.20811 0.644353 -0.34903 0.05512 -0.935489 0.802535 0.593979 -0.055906 0.537573 0.000325 -0.843217 -0.136377 0.987378 0.080535 -0.858917 -0.001157 -0.512113 -0.092224 -0 -0.995738 0.1107 0.99383 -0.00695 -0.995214 -0.067333 0.070814 0.997066 -0.03298 0.069084 0.995133 -0.067023 0.072244 -0.949539 0.308866 -0.054563 -0.799235 0.597936 -0.060791 -0.806525 0.591131 0.009025 -0.777298 0.525975 -0.345193 -0.804493 0.593902 0.00847 -0.804261 0.594052 0.01635 -0.677462 0.000367 0.735558 -0.547648 -0.794251 0.263147 -0.496007 -0.860882 0.1134 -0.522215 -0.848121 0.089342 -0.393804 -0.917839 -0.049899 -0.580631 -0.813967 0.018022 0.050401 -0.42076 0.905771 0.607296 -0.53162 0.5904 -0.178685 -0.959151 0.219318 0.292425 -0.916486 -0.273022 -0.268219 -0.963271 -0.012921 0.836367 -0.54817 0.000783 -0.418563 -0.781828 -0.462116 0.083725 -0.266276 -0.960254 -0.071274 0.997436 -0.006476 0.000297 0.998265 0.058877 0.244172 0.939039 0.242046 -0.041223 0.999148 -0.001725 -0.140042 0.916328 0.375143 -0.441882 0.375694 0.814613 -0.312618 -0.001893 0.949877 -0.256877 0.69392 0.672673 -0.586759 -2e-06 0.809762 -0.852164 -0.514387 0.096032 0.860207 -0.509764 0.013578 0.88404 -0.466992 0.019789 0.997117 -0.074533 0.014243 0.996916 -0.076035 0.019393 -0.862555 -0.505171 0.028289 0.095299 0.683332 -0.723861 0.689596 -0.006612 -0.724164 0.559923 -0.791241 -0.245812 0.535378 -0.842219 -0.06355 0.619306 0.083364 0.780711 -0.554673 0.831874 0.017987 -0.862789 0.505033 0.023155 -0.142409 -0.965135 0.219621 -0.143002 -0.965293 0.21854 -0.13895 -0.967219 0.212555 -0.13964 -0.966905 0.213532 0.538128 -0.016258 0.842706 0.351782 -0.334416 0.874308 0.322441 -0.622447 0.713156 0.312689 -0.69969 0.642385 0.165106 -0.898595 0.406531 0.254345 -0.649168 0.716861 0.11571 -0.908673 0.401154 0.413995 -0.300019 0.859416 0.46966 -0.252324 0.846021 0.487409 -0.383806 0.784299 0.160037 -0.918501 0.361585 0.572826 0.005352 0.81966 0.033871 -0.999425 -0.001507 -0.719766 0.518077 0.462096 -0.841269 0.075844 0.53527 -0.990827 0.078123 0.110269 -0.939862 0.074377 0.333359 0.522215 0.848121 0.089342 -0.63575 -0.342072 0.69196 0.058846 0.275053 0.959626 -0.40507 0.814848 0.414658 0.296718 0.911595 0.284522 -0.119962 0.979874 -0.159548 0.88286 0.469583 0.007023 -0.288296 0.95723 -0.02443 0.534489 0.70481 -0.466438 0.063054 0.364819 -0.928941 -0.457595 0.157803 0.875046 -0.001595 0.123018 0.992403 0.006235 0.817053 0.576528 0.459613 0.155886 0.874331 0.304403 0.749941 0.587305 -0.321085 0.724718 0.609663 0.188343 0.770748 0.608666 -0.013606 0.771415 0.636186 0.017622 0.76811 0.640075 -0.188344 0.770757 0.608655 0.719437 0.51818 0.462494 0.841362 0.07572 0.535142 0.383722 0.833679 0.397161 0.44448 0.84859 0.286936 -0.383717 0.833688 0.397146 0.594304 0.77525 0.213986 0.381689 0.904962 0.188036 0.414722 0.903603 0.107273 0.53264 0.843954 0.063531 0.125311 0.98689 0.101714 0.32354 0.94412 0.062921 -0.663378 0.073645 0.744651 -0.663452 0.068493 0.745077 -0.882449 0.068984 0.465322 -0.882262 0.073656 0.46496 -0.360432 0.06802 0.930302 0.88245 0.069041 0.465312 0.663513 0.069085 0.744968 0.882248 0.073667 0.464985 -0.360442 0.073645 0.92987 0.360406 0.068476 0.930279 0.360449 0.073648 0.929867 0.663371 0.073637 0.744658 0.991371 0.097759 0.087328 0.991045 0.078616 0.107934 0.939933 0.075889 0.332817 -0.990997 0.068873 0.114812 -0 0.066396 0.997793 0.85217 0.514394 0.095946 0.537114 0.841431 0.059181 0.02637 0.999013 0.035749 0.438317 0.897237 0.053329 0.995479 0.072238 0.061672 0.995579 0.073898 0.057975 0.996537 0.061056 0.056452 0.992412 0.106285 0.061829 -0.772521 0.589533 -0.23593 0.289515 0.956525 -0.035215 0.000476 0.991492 0.130167 -0.09877 0.97012 0.22161 -4e-06 0.999396 0.034745 0.068796 0.985162 0.157238 -0.098254 0.995143 0.006078 -0.341112 0.892086 0.296353 -0.001129 0.651264 0.758851 0.664057 0.656378 0.358044 0.12668 0.980528 -0.150058 0.206373 0.968661 -0.138224 0.271787 0.948676 0.161694 0.101286 0.969996 0.221017 0.105434 -0.985513 -0.132846 0.203513 -0.974242 0.097131 0.205587 -0.968712 -0.139036 0.119917 -0.968419 0.218599 0.034907 -0.999391 1e-06 0.034907 -0.999391 1e-06 0.034907 -0.999391 1e-06 0.034907 -0.999391 1e-06 0.034907 -0.999391 1e-06 0.034907 -0.999391 1e-06 0.034907 -0.999391 1e-06 0.034907 -0.999391 1e-06 0.034907 -0.999391 1e-06 0.034907 -0.999391 1e-06 0.034907 -0.999391 1e-06 0.034907 -0.999391 1e-06 0.034907 -0.999391 1e-06 0.034907 -0.999391 1e-06 0.034907 -0.999391 1e-06 -4.1e-05 -1 -2e-06 0.105555 -0.993183 -0.049457 0.750896 -0.655635 0.079358 0.777799 -0.628161 0.021023 0.301719 -0.930744 -0.206596 0.7983 -0.552176 -0.240454 3.9e-05 0 -1 3.9e-05 0 -1 -0.389564 -1e-06 -0.920999 3.9e-05 0 1 -0.389564 -1e-06 0.920999 3.9e-05 0 1 -0.388855 -1e-06 0.921299 -0.706462 -2e-06 0.707751 -0.707104 -2e-06 0.707109 -1 -4e-06 0 -1 -4e-06 0 -0.921005 -3e-06 0.389551 -0.920706 -3e-06 0.390257 -0.707104 -2e-06 -0.707109 -0.920706 -3e-06 -0.390257 -0.921005 -3e-06 -0.389551 -0.706462 -2e-06 -0.707751 -0.388855 -1e-06 -0.921299 4e-06 -1 0 4e-06 -1 0 4e-06 -1 0 4e-06 -1 0 4e-06 -1 0 4e-06 -1 0 4e-06 -1 0 4e-06 -1 0 4e-06 -1 0 4e-06 -1 0 4e-06 -1 0 4e-06 -1 0 4e-06 -1 0 4e-06 -1 0 4e-06 -1 0 4e-06 -1 0 0.07952 -0.989776 0.118405 0.139043 -0.967213 0.212523 0.143182 -0.965189 0.218883 0.139043 -0.967213 0.212523 0.139043 -0.967213 0.212523 0.143457 -0.965077 0.219195 0.997073 0.074077 0.01895 0.997081 0.073963 0.018963 0.990045 0.091185 -0.107224 0.926352 0.376656 -0.001397 0.997073 0.074077 0.01895 0.684014 -0.709663 -0.168828 0.942232 -0.330976 -0.051518 -0.193839 -0.014418 0.980927 0.154815 0.936213 0.315496 -0.193816 0.907419 0.372863 -0.136234 0.944715 0.298252 -4e-06 0.948974 0.315353 -0.154822 0.936212 0.315496 0.212529 0.908398 0.360063 0.21285 0.861218 0.461518 0.061098 0.859887 0.506815 -0.231017 0.752524 0.616716 0.193809 0.90742 0.372863 -0.102773 0.909084 0.403739 -0.025118 0.910637 0.412443 -0.385941 0.900527 0.200253 0.459127 -0.157075 0.874374 0.78975 0.034942 0.612433 1 0 0 1 0 0 1 0 0 1 0 0 1 0 0 1 0 0 0.887145 -0.45037 0.100703 0.95726 -0.269576 0.104796 0.537044 -0.841512 0.058658 0.739883 -0.669542 0.065468 0.956075 -0.282903 0.076729 0.527105 -0.849115 0.034116 0.889666 -0.451376 0.068944 0.452355 0.891173 0.034434 0.28951 -0.685913 0.667613 0.311236 -0.896767 0.314548 0.184327 -0.904363 0.384904 0.496658 -0.686701 0.530823 0.39296 -0.898682 0.194816 0.651441 -0.679093 0.338316 0.349744 -0.386019 0.853621 0.614599 -0.410949 0.673341 0.818582 -0.381604 0.429304 0.028503 -0.853281 0.520672 0.015741 -0.462325 0.886571 0.939862 -0.074377 0.333359 0.593801 -0.775519 0.214406 0.841269 -0.075844 0.53527 0.532737 -0.843892 0.063541 0.719766 -0.518077 0.462096 0.444478 -0.848595 0.286924 -0.537032 0.841483 0.059183 -0.452355 0.891173 0.034432 -0.331004 0.943451 0.01833 -0.341789 -0.363167 0.86677 -0.718637 -0.232116 0.655502 -0.789997 -0.544758 0.281326 -0.49473 -0.774894 0.393422 -0.872235 -0.311245 0.377271 -0.630603 -0.488898 0.602759 -0.924529 -0.129504 0.358433 -0.193912 -0.66879 0.717718 -0.058169 -0.923863 0.378278 -0.032642 -0.999295 0.018564 -0.922756 -0.383956 0.03314 -0.132572 0.000117 -0.991174 0.33246 -0.942963 0.017051 0.768217 -0.630694 -0.109854 -0.211073 0.031717 -0.976956 0.701535 -0.005185 -0.712616 0.692144 -0.052911 -0.719818 -0.496655 -0.6867 0.530826 -0.311231 -0.896768 0.314551 -0.392959 -0.898682 0.194819 -0.651441 -0.679092 0.338319 -0.289506 -0.685913 0.667615 -0.184321 -0.904364 0.384905 -0.614597 -0.410949 0.673343 -0.818581 -0.381605 0.429305 -0.349741 -0.386019 0.853622 -0.034896 -0.999391 1e-06 -0.034896 -0.999391 1e-06 -0.034895 -0.999391 0 -0.034895 -0.999391 0 -0.510358 -0.858555 0.049164 -0.912389 -0.396359 0.102208 -0.065487 0.997774 -0.012591 -0.034907 0.999391 -0 -0.037309 0.999195 0.014765 -0.260609 0.965402 0.009055 -0.034907 0.999391 -0 -0.034907 0.999391 -0 -0.034907 0.999391 -0 -0.034907 0.999391 -0 -0.034907 0.999391 -0 -0.034907 0.999391 -0 -0.034907 0.999391 -0 -0.034907 0.999391 -0 0.414715 -0.903606 0.10727 0.381402 -0.905361 0.186693 -0.154815 -0.936213 0.315496 0.168881 -0.820427 0.546241 0.193816 -0.907419 0.372863 -0.062135 -0.85962 0.507142 0.136234 -0.944715 0.298252 4e-06 -0.948974 0.315353 0.154822 -0.936212 0.315496 0.314055 -0.739095 0.595909 -0.219263 -0.905296 0.363817 -0.213691 -0.860676 0.46214 -0.061778 -0.858212 0.509564 0.232636 -0.745145 0.625011 -0.294557 -0.770517 0.565278 -0.168878 -0.820423 0.546248 -0.193809 -0.90742 0.372863 0.107062 -0.908843 0.403165 0.077273 -0.875182 0.477582 0.024575 -0.909741 0.414448 0.377121 -0.839928 0.390256 -0.377116 -0.839929 0.39026 -1 -4e-06 -3.3e-05 -1 -4e-06 -3.3e-05 -0.920972 -3e-06 0.389629 1 4e-06 -3.3e-05 0.920972 3e-06 0.389629 1 4e-06 -3.3e-05 0.707047 3e-06 0.707167 0.921001 3e-06 0.38956 0.38948 1e-06 0.921035 0.707109 3e-06 0.707104 0 0 1 0.38955 1e-06 0.921005 -0.38948 -1e-06 0.921035 -0.389549 -1e-06 0.921006 0 0 1 -0.707047 -3e-06 0.707167 -0.707109 -3e-06 0.707104 -0.921001 -3e-06 0.38956 0.852146 -0.514392 0.096169 0.537121 -0.841426 0.059193 0.842526 0.205027 -0.49811 0.853329 0.159941 -0.496234 0.775559 0.618742 -0.125162 0.143777 0.989496 -0.015007 0.531224 0.781746 -0.32661 0.034146 0.999417 -0.000107 0.452351 -0.891175 0.034434 0.8602 0.50979 0.013022 0.078173 0.990011 0.11733 0.556726 0.823415 0.109745 0.30775 -0.030601 0.950975 -0.311236 -0.036597 0.949628 -0.005711 -0 0.999984 -0.586783 -2e-06 0.809744 -4e-06 1 3.5e-05 -4e-06 0.993012 0.118012 -0.217825 -0.974508 -0.053733 -0.87304 -0.400002 -0.278926 -0.309541 -0.928917 -0.203219 -0.848978 -0.069447 -0.523844 -0.412062 -0.303378 0.859166 -0.468817 -0.257146 0.845036 -0.540488 -0.010574 0.841285 -0.488222 -0.383977 0.78371 -0.34945 -0.33558 0.874798 -0.251863 -0.653224 0.714047 -0.320768 -0.62681 0.710083 -0.11414 -0.91062 0.397168 -0.16354 -0.900288 0.403405 -0.322274 -0.705488 0.63121 -0.161421 -0.925678 0.342146 -0.047728 -0.99886 0.000548 0.412137 0.305492 0.858381 0.470115 0.260893 0.843165 0.542027 0.007951 0.840323 0.348768 0.33576 0.875001 0.252969 0.656009 0.711097 0.18041 0.673282 0.717038 0.322569 0.629881 0.70654 0.115642 0.911867 0.393859 0.165135 0.901003 0.401154 0.063894 0.92628 0.371379 0.319108 0.347226 0.881819 0.167333 0.690609 0.703604 0.480028 3e-06 0.877253 0.869427 -0.493573 0.021969 0.869427 -0.493573 0.021969 0.869427 -0.493573 0.021969 0.869427 -0.493573 0.021969 0.869427 -0.493573 0.021969 0.869427 -0.493573 0.021969 0.869427 -0.493573 0.021969 0.795833 0.601195 0.072213 -0.186912 0.494909 0.848604 0.806506 0.591155 0.009198 0.806506 0.591155 0.009198 0.806506 0.591155 0.009198 -0.543793 2e-06 0.83922 0.70129 -0.490603 -0.517205 -0.034895 -0.999391 0 -0.120187 -0.991804 0.043353 -0.062378 -0.997982 -0.011839 -0.034895 -0.999391 0 -0.034895 -0.999391 0 -0.034256 -0.999413 0.000602 -0.034895 -0.999391 0 -0.034895 -0.999391 0 -0.034895 -0.999391 0 -0.034895 -0.999391 0 0.389564 1e-06 0.920999 0.389564 1e-06 -0.920999 0.388855 1e-06 -0.921299 0.706462 2e-06 -0.707751 0.707104 2e-06 -0.70711 1 4e-06 0 1 4e-06 0 0.921005 3e-06 -0.389551 0.920706 3e-06 -0.390257 0.707104 2e-06 0.70711 0.920706 3e-06 0.390257 0.921005 3e-06 0.389551 0.706462 2e-06 0.707751 0.388855 1e-06 0.921299 0 -1 0 0 -1 0 0 -1 0 -0.697465 -0.696069 -0.170383 -0.691948 -0.661096 -0.290104 -0.899225 0.192801 -0.392711 -0.995635 0.066615 0.065368 -0.865233 -0.498971 -0.048987 0.884374 0.415982 0.21176 0.644146 0.279953 0.71183 0.538711 0.560934 0.628604 0.845516 0.210702 0.49062 0.824358 0.375145 0.42391 0.669435 0.673743 0.312933 0.406587 0.826191 0.389993 0.871646 0.023095 0.489592 0.702963 0.011188 0.711138 0.99714 -0.072641 0.020866 0.589201 0.754638 -0.288727 0.261824 0.965077 0.008662 0.122448 0.974209 0.189533 -0.000526 1 0.000351 0.141894 0.965777 0.217119 0.137561 0.967842 0.210615 0.060971 0.998078 -0.011101 0.611683 0.784919 -0.098726 0.277229 -0.931018 0.23738 0 -1 0 0 -1 0 0.008635 -0.260931 0.965319 -0.355814 -0.879976 0.314705 -0.432152 -0.901729 0.01142 -0.01035 -0.812029 0.583525 0.88524 -0.390651 -0.252471 0.438315 -0.897238 0.053326 0.882425 -0.070201 0.465186 -0.663536 -0.070196 0.744844 -0.882428 -0.070208 0.46518 -0.36054 -0.070206 0.930098 0.000184 -0.073475 0.997297 0.360531 -0.070203 0.930102 0.66353 -0.07019 0.74485 -0.939933 -0.075885 0.332817 -0.840953 -0.075861 0.535765 -0.466509 -0.150419 0.871633 0.465107 -0.152003 0.872107 0.034899 0.999391 -1e-06 0.034899 0.999391 -1e-06 0.034899 0.999391 -1e-06 0.034899 0.999391 -1e-06 0.034899 0.999391 -1e-06 0.034899 0.999391 -1e-06 0.034899 0.999391 -1e-06 0.624757 0.779536 0.04475 0.912175 0.404986 0.062629 -0.719428 -0.518196 0.46249 0.920972 3e-06 -0.389629 -0.920972 -3e-06 -0.389629 -0.707047 -3e-06 -0.707167 -0.921001 -3e-06 -0.38956 -0.38948 -1e-06 -0.921035 -0.707109 -3e-06 -0.707104 0 0 -1 -0.389549 -1e-06 -0.921006 0.389481 1e-06 -0.921035 0.38955 1e-06 -0.921005 0 0 -1 0.707047 3e-06 -0.707167 0.707109 3e-06 -0.707104 0.921001 3e-06 -0.38956 -4e-06 1 0 -4e-06 1 0 -4e-06 1 0 -4e-06 1 0 -4e-06 1 0 -4e-06 1 0 -4e-06 1 0 -4e-06 1 0 -4e-06 1 0 -4e-06 1 0 -4e-06 1 0 -4e-06 1 0 -4e-06 1 0 -4e-06 1 0 -4e-06 1 0 -4e-06 1 0 -0.725667 -0.135999 -0.674471 -0.012057 -0.706561 0.70755 -0.976121 -0.213372 0.040734 -0.831816 -0.552135 0.05683 -0.554255 -0.831418 0.039312 -0.852191 0.514357 0.095958 0.667345 0.743339 0.045798 0.646615 0.755694 0.103999 0.529187 0.845884 0.066642 -0.438323 0.897234 0.053328 1 3e-05 -1e-06 1 4e-06 0 1 -0.000123 6e-06 0.999999 -0.001394 0.000428 1 4e-06 0 1 6.8e-05 -2e-05 1 4e-06 0 1 4e-06 0 1 4e-06 0 1 4e-06 0 1 -0.000422 0.00013 1 4e-06 0 1 4e-06 0 0.999997 0.002529 -0.000774 1 0.00043 -0.00013 1 4e-06 0 0.99998 -0.006326 0.000317 1 -3e-06 -2e-06 -0.731519 -0.681795 0.005934 -0.71643 -0.697291 0.022651 -0.165185 0.90105 0.401028 -0.348671 0.335877 0.874995 -0.180259 0.673436 0.716931 -0.31896 0.347145 0.881904 -0.41213 0.30573 0.858299 -0.470208 0.261035 0.843069 -0.252949 0.656265 0.710868 -0.322652 0.629994 0.706402 -0.115622 0.91202 0.39351 -0.063808 0.926347 0.371228 -0.167212 0.690538 0.703703 0.026175 0.001521 -0.999656 0.641903 -0.299195 -0.706005 0.104401 -0.014508 -0.99443 0.904768 -0.425793 -0.00981 0.945723 -0.220286 -0.238918 -4e-06 1 0.000437 -4e-06 1 0.000437 -4e-06 1 0.000437 0.0275 -0.71364 -0.699973 0.79587 -0.601207 0.0717 0.904763 -0.425915 0 0.934632 -0.238207 -0.264045 0.639764 -0.30117 -0.707106 -0.388881 -0.921288 0 -0.389559 -0.921002 0 -0.388885 0.921286 0 -0.389563 0.921 0 -0.706492 0.707721 0 -0.707105 0.707108 0 -0.920719 0.390226 0 -0.921005 0.389552 0 -1 -4e-06 0 -0.920717 -0.390231 0 -0.921004 -0.389554 0 -1 -2e-06 0 -0.706489 -0.707724 0 -0.707104 -0.70711 0 0.483355 0.548008 0.682682 -0.437844 -0.897212 0.057474 0.382396 0.117545 -0.916492 0.052886 0.029675 -0.99816 4e-06 -1 -0.000437 4e-06 -1 -0.000437 4e-06 -1 -0.000437 0.810884 -0.58378 0.040841 -0.908007 0.38828 -0.15736 -0.548165 0.786527 -0.284412 -0.799775 0.574064 -0.175528 -0.728191 0.094908 -0.678771 0.02616 -0 -0.999658 0.02616 -0 -0.999658 0.02616 -0 -0.999658 0.02616 -0 -0.999658 0.02616 -0 -0.999658 0.02616 -0 -0.999658 0.02616 -0 -0.999658 0.647044 -0.755335 0.103938 0.668037 -0.742712 0.045882 0.540415 -0.838706 0.067257 -0.122316 0.974208 0.189625 0 1 0 -0.760101 0.646547 0.064992 -0.421057 0.888335 0.183227 -0.508217 0.860426 0.037187 -0.137288 0.968072 0.209734 -0.140185 0.967265 0.211534 -0.136826 0.968144 0.209702 -0.137568 0.967841 0.210615 -0.137568 0.967841 0.210615 -0.492652 0.777617 0.390649 -0.628004 0.496897 0.598919 -0.921578 0.142458 0.361109 -0.715657 0.241947 0.655207 -0.869038 0.322527 0.375165 -0.995563 0.025936 0.090454 -0.787068 0.550594 0.278155 -0.935255 0.352752 0.029397 -0.427212 -0.901217 -0.072788 -0.492687 -0.867218 -0.072058 -0.48675 -0.771152 -0.410364 -0.529023 -0.84762 0.040924 -0.603369 -0.778103 -0.174646 4e-06 -0.993012 0.118012 -0.869399 -0.493622 0.021966 -0.869399 -0.493622 0.021966 -0.869399 -0.493622 0.021966 -0.869399 -0.493622 0.021966 -0.869399 -0.493622 0.021966 -0.869399 -0.493622 0.021966 -0.869399 -0.493622 0.021966 -0.883776 -0.467408 0.021671 -0.790749 -0.612058 -0.010091 -0.806508 -0.591152 0.009198 -0.806508 -0.591152 0.009198 0 1 0 0 1 0 0 1 0 -0.735843 -0.208072 0.644392 -0.522208 -0.851521 0.047023 0.195708 -0.000236 0.980662</float_array>
					<technique_common>
						<accessor count="1073" source="#base2_M1KShape1.normals-array" stride="3">
							<param name="X" type="float"/>
							<param name="Y" type="float"/>
							<param name="Z" type="float"/>
						</accessor>
					</technique_common>
				</source>
				<vertices id="base2_M1KShape1.vertices">
					<input semantic="POSITION" source="#base2_M1KShape1.positions"/>
				</vertices>
				<triangles count="1686" material="blinn21.material">
					<input offset="0" semantic="VERTEX" source="#base2_M1KShape1.vertices" set="0"/>
					<input offset="1" semantic="NORMAL" source="#base2_M1KShape1.normals" set="0"/>
					<p>0 0 2 2 1 1 3 3 2 2 0 0 4 4 6 6 5 5 7 7 9 9 8 8 10 10 9 9 7 7 11 11 8 8 12 12 7 7 8 8 11 11 13 13 10 10 7 7 14 14 10 10 13 13 15 15 7 7 11 11 13 13 7 7 15 15 16 16 9 9 17 17 18 18 9 9 16 16 8 8 9 9 18 18 19 19 8 8 18 18 12 12 8 8 19 19 20 20 12 12 19 19 21 21 22 22 14 14 13 13 21 21 14 14 23 23 21 21 13 13 15 15 23 23 13 13 24 24 23 23 15 15 25 25 24 24 15 15 26 26 17 17 9 9 10 10 26 26 9 9 27 27 26 26 10 10 14 14 27 27 10 10 27 27 14 14 22 22 28 28 12 12 20 20 11 11 12 12 28 28 29 29 11 11 28 28 15 15 11 11 29 29 25 25 15 15 29 29 30 30 32 32 31 31 33 33 32 32 30 30 34 34 31 31 35 35 30 30 31 31 34 34 36 36 33 33 30 30 37 37 33 33 36 36 38 38 30 30 34 34 36 36 30 30 38 38 39 39 32 32 40 40 31 31 32 32 39 39 41 41 31 31 39 39 35 35 31 31 41 41 42 42 35 35 41 41 27 27 22 22 37 37 36 36 27 27 37 37 26 26 27 27 36 36 38 38 26 26 36 36 26 26 38 38 17 17 43 43 40 40 32 32 33 33 43 43 32 32 44 44 43 43 33 33 37 37 44 44 33 33 45 45 44 44 37 37 22 22 45 45 37 37 46 46 35 35 42 42 47 47 35 35 46 46 34 34 35 35 47 47 48 48 34 34 47 47 38 38 34 34 48 48 17 17 38 38 48 48 49 49 51 51 50 50 52 52 54 54 53 53 53 53 50 50 51 51 50 50 53 53 54 54 55 55 51 51 49 49 53 53 51 51 55 55 52 52 53 53 55 55 56 56 58 58 57 57 59 59 56 56 57 57 59 59 57 57 60 60 61 61 59 59 60 60 56 56 63 63 62 62 64 64 56 56 62 62 65 65 67 67 66 66 68 68 70 70 69 69 71 71 69 69 72 72 72 72 69 69 70 70 73 73 75 75 74 74 76 76 77 77 74 74 78 78 79 79 75 75 74 74 75 75 79 79 77 77 80 80 74 74 80 80 73 73 74 74 81 81 83 83 82 82 84 84 86 86 85 85 87 87 85 85 88 88 85 85 86 86 81 81 89 89 83 83 90 90 90 90 81 81 86 86 81 81 90 90 83 83 91 91 84 84 87 87 92 92 88 88 85 85 85 85 87 87 84 84 93 93 95 95 94 94 96 96 98 98 97 97 98 98 99 99 97 97 99 99 100 100 97 97 101 101 97 97 102 102 102 102 103 103 101 101 100 100 102 102 97 97 104 104 94 94 95 95 95 95 93 93 103 103 101 101 103 103 93 93 105 105 107 107 106 106 108 108 110 110 109 109 110 110 106 106 109 109 111 111 107 107 105 105 112 112 111 111 105 105 109 109 106 106 107 107 113 113 115 115 114 114 116 116 118 118 117 117 117 117 119 119 116 116 117 117 118 118 113 113 115 115 113 113 54 54 54 54 113 113 118 118 120 120 122 122 121 121 123 123 121 121 122 122 124 124 126 126 125 125 126 126 127 127 125 125 127 127 129 129 128 128 92 92 130 130 128 128 131 131 132 132 129 129 128 128 129 129 132 132 130 130 125 125 128 128 125 125 127 127 128 128 133 133 135 135 134 134 135 135 137 137 136 136 136 136 138 138 135 135 139 139 140 140 137 137 136 136 137 137 140 140 138 138 134 134 135 135 141 141 143 143 142 142 141 141 142 142 144 144 144 144 142 142 145 145 66 66 144 144 145 145 142 142 143 143 146 146 147 147 142 142 146 146 145 145 142 142 147 147 67 67 114 114 143 143 141 141 67 67 143 143 144 144 67 67 141 141 66 66 67 67 144 144 114 114 146 146 143 143 148 148 150 150 149 149 151 151 149 149 152 152 152 152 149 149 150 150 153 153 117 117 154 154 153 153 154 154 155 155 156 156 153 153 155 155 157 157 148 148 149 149 150 150 148 148 68 68 70 70 68 68 148 148 158 158 72 72 157 157 148 148 157 157 72 72 70 70 148 148 72 72 159 159 91 91 87 87 160 160 91 91 159 159 161 161 163 163 162 162 163 163 165 165 164 164 164 164 166 166 163 163 165 165 167 167 164 164 167 167 168 168 164 164 168 168 169 169 164 164 169 169 170 170 164 164 170 170 171 171 164 164 172 172 164 164 171 171 166 166 173 173 163 163 173 173 174 174 163 163 174 174 175 175 163 163 175 175 176 176 163 163 176 176 162 162 163 163 177 177 179 179 178 178 177 177 181 181 180 180 180 180 179 179 177 177 181 181 182 182 180 180 183 183 180 180 182 182 184 184 178 178 179 179 185 185 187 187 186 186 188 188 190 190 189 189 190 190 192 192 191 191 191 191 193 193 190 190 192 192 194 194 191 191 195 195 191 191 194 194 193 193 189 189 190 190 71 71 196 196 69 69 197 197 80 80 58 58 197 197 73 73 80 80 134 134 138 138 76 76 137 137 135 135 79 79 76 76 74 74 133 133 198 198 137 137 79 79 74 74 79 79 135 135 133 133 134 134 76 76 135 135 133 133 74 74 187 187 76 76 138 138 199 199 201 201 200 200 202 202 200 200 201 201 202 202 203 203 200 200 204 204 206 206 205 205 207 207 115 115 206 206 115 115 205 205 206 206 207 207 206 206 204 204 208 208 210 210 209 209 208 208 212 212 211 211 211 211 210 210 208 208 212 212 213 213 211 211 214 214 211 211 213 213 215 215 209 209 210 210 216 216 218 218 217 217 219 219 221 221 220 220 220 220 223 223 222 222 224 224 220 220 221 221 223 223 226 226 225 225 219 219 220 220 222 222 225 225 222 222 223 223 227 227 229 229 228 228 227 227 225 225 230 230 229 229 227 227 230 230 226 226 230 230 225 225 216 216 231 231 218 218 232 232 228 228 229 229 233 233 217 217 218 218 228 228 232 232 231 231 218 218 231 231 232 232 234 234 236 236 235 235 237 237 239 239 238 238 240 240 237 237 238 238 241 241 237 237 240 240 82 82 243 243 242 242 244 244 82 82 242 242 81 81 82 82 244 244 245 245 242 242 246 246 244 244 242 242 245 245 247 247 249 249 248 248 250 250 247 247 248 248 243 243 248 248 242 242 251 251 246 246 248 248 246 246 242 242 248 248 251 251 248 248 249 249 252 252 254 254 253 253 255 255 256 256 197 197 257 257 73 73 258 258 259 259 255 255 197 197 73 73 197 197 256 256 257 257 258 258 260 260 256 256 258 258 73 73 261 261 262 262 260 260 261 261 260 260 258 258 251 251 263 263 254 254 260 260 262 262 251 251 263 263 251 251 262 262 264 264 253 253 254 254 264 264 254 254 263 263 186 186 60 60 57 57 77 77 186 186 57 57 77 77 57 57 58 58 80 80 77 77 58 58 265 265 267 267 266 266 268 268 270 270 269 269 271 271 269 269 272 272 272 272 274 274 273 273 270 270 272 272 269 269 274 274 265 265 266 266 271 271 272 272 273 273 266 266 273 273 274 274 83 83 266 266 267 267 270 270 250 250 275 275 83 83 267 267 82 82 82 82 267 267 243 243 276 276 277 277 243 243 276 276 243 243 267 267 243 243 277 277 248 248 268 268 250 250 270 270 275 275 248 248 277 277 248 248 275 275 250 250 276 276 270 270 277 277 276 276 267 267 272 272 272 272 270 270 276 276 265 265 274 274 267 267 272 272 267 267 274 274 275 275 277 277 270 270 278 278 280 280 279 279 99 99 98 98 281 281 282 282 284 284 283 283 285 285 100 100 286 286 287 287 289 289 288 288 99 99 281 281 100 100 100 100 281 281 286 286 283 283 290 290 281 281 286 286 281 281 290 290 291 291 287 287 288 288 289 289 292 292 288 288 285 285 286 286 292 292 288 288 292 292 286 286 284 284 249 249 283 283 283 283 249 249 290 290 98 98 96 96 281 281 293 293 281 281 294 294 295 295 296 296 294 294 283 283 281 281 293 293 295 295 294 294 96 96 96 96 294 294 281 281 293 293 75 75 283 283 75 75 297 297 283 283 283 283 297 297 282 282 298 298 279 279 280 280 279 279 294 294 278 278 296 296 278 278 294 294 299 299 300 300 298 298 301 301 298 298 300 300 302 302 301 301 300 300 303 303 304 304 119 119 305 305 306 306 117 117 119 119 307 307 4 4 308 308 305 305 117 117 306 306 309 309 117 117 309 309 310 310 117 117 119 119 117 117 311 311 311 311 303 303 119 119 310 310 311 311 117 117 307 307 119 119 304 304 312 312 314 314 313 313 314 314 316 316 315 315 315 315 317 317 314 314 316 316 318 318 315 315 319 319 315 315 318 318 317 317 313 313 314 314 320 320 322 322 321 321 323 323 322 322 320 320 324 324 323 323 320 320 325 325 324 324 320 320 326 326 327 327 322 322 323 323 326 326 322 322 328 328 324 324 325 325 329 329 331 331 330 330 116 116 329 329 118 118 116 116 332 332 329 329 333 333 50 50 118 118 333 333 118 118 329 329 118 118 50 50 54 54 332 332 331 331 329 329 334 334 336 336 335 335 337 337 338 338 336 336 339 339 337 337 336 336 340 340 336 336 341 341 342 342 336 336 340 340 343 343 345 345 344 344 346 346 348 348 347 347 349 349 351 351 350 350 346 346 352 352 348 348 353 353 347 347 348 348 351 351 348 348 352 352 350 350 351 351 352 352 354 354 343 343 355 355 355 355 356 356 354 354 357 357 358 358 343 343 355 355 343 343 359 359 358 358 359 359 343 343 360 360 361 361 356 356 362 362 361 361 363 363 354 354 356 356 361 361 364 364 362 362 363 363 360 360 363 363 361 361 365 365 367 367 366 366 368 368 365 365 366 366 369 369 370 370 366 366 367 367 369 369 366 366 371 371 372 372 315 315 315 315 319 319 373 373 317 317 315 315 372 372 374 374 375 375 316 316 371 371 315 315 373 373 319 319 318 318 373 373 375 375 373 373 318 318 374 374 316 316 376 376 318 318 316 316 375 375 314 314 312 312 376 376 314 314 376 376 316 316 317 317 377 377 313 313 376 376 312 312 378 378 378 378 312 312 313 313 379 379 381 381 380 380 382 382 380 380 383 383 384 384 385 385 382 382 380 380 382 382 385 385 385 385 379 379 380 380 385 385 384 384 386 386 379 379 385 385 387 387 388 388 386 386 384 384 387 387 389 389 379 379 386 386 387 387 385 385 389 389 390 390 379 379 390 390 391 391 379 379 381 381 379 379 391 391 392 392 383 383 393 393 383 383 392 392 382 382 382 382 394 394 384 384 394 394 382 382 392 392 388 388 384 384 395 395 395 395 384 384 394 394 396 396 398 398 397 397 399 399 398 398 396 396 400 400 399 399 396 396 401 401 402 402 398 398 399 399 401 401 398 398 402 402 397 397 398 398 401 401 399 399 400 400 376 376 404 404 403 403 403 403 405 405 376 376 406 406 374 374 405 405 405 405 374 374 376 376 404 404 406 406 403 403 405 405 403 403 406 406 313 313 377 377 404 404 407 407 409 409 408 408 407 407 408 408 410 410 411 411 407 407 410 410 412 412 413 413 411 411 414 414 409 409 407 407 411 411 414 414 407 407 414 414 411 411 413 413 410 410 408 408 415 415 412 412 410 410 415 415 410 410 412 412 411 411 42 42 417 417 416 416 40 40 418 418 39 39 419 419 420 420 39 39 418 418 419 419 39 39 41 41 417 417 42 42 420 420 417 417 41 41 39 39 420 420 41 41 421 421 423 423 422 422 213 213 212 212 424 424 425 425 210 210 426 426 422 422 426 426 211 211 211 211 214 214 427 427 210 210 211 211 426 426 214 214 213 213 424 424 422 422 211 211 427 427 424 424 427 427 214 214 428 428 424 424 212 212 42 42 416 416 429 429 429 429 416 416 288 288 416 416 291 291 288 288 338 338 430 430 6 6 431 431 6 6 430 430 20 20 431 431 430 430 291 291 432 432 287 287 64 64 197 197 56 56 58 58 56 56 197 197 415 415 434 434 433 433 415 415 433 433 78 78 435 435 436 436 434 434 433 433 434 434 437 437 436 436 437 437 434 434 79 79 78 78 198 198 198 198 78 78 433 433 438 438 440 440 439 439 439 439 441 441 438 438 442 442 443 443 441 441 441 441 443 443 438 438 440 440 442 442 439 439 441 441 439 439 442 442 444 444 446 446 445 445 446 446 448 448 447 447 447 447 449 449 446 446 448 448 450 450 447 447 451 451 447 447 450 450 449 449 445 445 446 446 60 60 452 452 235 235 235 235 453 453 60 60 452 452 60 60 187 187 60 60 453 453 61 61 239 239 237 237 61 61 239 239 61 61 453 453 237 237 428 428 61 61 61 61 428 428 454 454 234 234 235 235 452 452 186 186 187 187 60 60 325 325 456 456 455 455 457 457 459 459 458 458 460 460 457 457 458 458 320 320 456 456 325 325 459 459 456 456 320 320 458 458 459 459 320 320 321 321 458 458 320 320 54 54 205 205 115 115 52 52 429 429 461 461 52 52 461 461 204 204 462 462 464 464 463 463 464 464 465 465 463 463 462 462 463 463 308 308 207 207 204 204 461 461 466 466 207 207 461 461 466 466 461 461 429 429 288 288 466 466 429 429 294 294 110 110 293 293 412 412 415 415 110 110 415 415 293 293 110 110 467 467 56 56 59 59 63 63 56 56 467 467 454 454 59 59 61 61 467 467 59 59 454 454 468 468 304 304 469 469 469 469 470 470 468 468 303 303 311 311 470 470 470 470 311 311 468 468 304 304 303 303 469 469 470 470 469 469 303 303 450 450 307 307 304 304 234 234 452 452 435 435 434 434 234 234 435 435 454 454 471 471 467 467 472 472 279 279 473 473 300 300 474 474 302 302 475 475 476 476 302 302 475 475 302 302 474 474 476 476 477 477 302 302 389 389 479 479 478 478 480 480 482 482 481 481 483 483 386 386 484 484 482 482 480 480 484 484 483 483 484 484 480 480 483 483 485 485 386 386 479 479 386 386 485 485 480 480 486 486 483 483 485 485 483 483 486 486 479 479 387 387 386 386 486 486 480 480 487 487 488 488 481 481 482 482 487 487 489 489 486 486 481 481 487 487 480 480 489 489 478 478 486 486 485 485 486 486 478 478 485 485 478 478 479 479 484 484 386 386 388 388 388 388 395 395 484 484 482 482 484 484 490 490 395 395 490 490 484 484 488 488 482 482 490 490 387 387 479 479 389 389 491 491 396 396 492 492 400 400 396 396 491 491 397 397 493 493 396 396 494 494 492 492 396 396 493 493 494 494 396 396 360 360 356 356 495 495 495 495 356 356 360 360 496 496 364 364 363 363 497 497 499 499 498 498 499 499 501 501 500 500 500 500 502 502 499 499 501 501 503 503 500 500 504 504 500 500 503 503 502 502 498 498 499 499 492 492 505 505 491 491 506 506 508 508 507 507 508 508 509 509 507 507 507 507 505 505 506 506 505 505 507 507 510 510 511 511 512 512 509 509 512 512 507 507 509 509 513 513 510 510 507 507 513 513 514 514 510 510 508 508 515 515 509 509 516 516 515 515 508 508 517 517 509 509 518 518 518 518 509 509 515 515 519 519 400 400 510 510 505 505 510 510 491 491 400 400 491 491 510 510 520 520 521 521 518 518 522 522 521 521 520 520 523 523 522 522 520 520 522 522 524 524 521 521 524 524 522 522 525 525 524 524 518 518 521 521 525 525 522 522 523 523 492 492 526 526 505 505 527 527 526 526 528 528 529 529 528 528 526 526 526 526 527 527 530 530 531 531 533 533 532 532 530 530 534 534 526 526 534 534 530 530 506 506 535 535 536 536 506 506 532 532 537 537 535 535 536 536 535 535 537 537 537 537 532 532 533 533 494 494 493 493 529 529 533 533 531 531 538 538 539 539 540 540 533 533 538 538 539 539 533 533 540 540 516 516 533 533 508 508 537 537 516 516 533 533 516 516 537 537 508 508 506 506 536 536 529 529 541 541 528 528 541 541 529 529 493 493 542 542 506 506 530 530 542 542 535 535 506 506 537 537 508 508 536 536 534 534 505 505 526 526 505 505 534 534 506 506 494 494 529 529 492 492 529 529 526 526 492 492 539 539 543 543 523 523 544 544 523 523 543 543 545 545 546 546 544 544 525 525 523 523 546 546 523 523 544 544 546 546 525 525 546 546 545 545 344 344 539 539 547 547 548 548 547 547 539 539 547 547 550 550 549 549 344 344 547 547 549 549 539 539 538 538 548 548 512 512 551 551 507 507 513 513 507 507 552 552 553 553 401 401 554 554 553 553 556 556 555 555 555 555 557 557 553 553 556 556 524 524 555 555 555 555 524 524 545 545 557 557 402 402 553 553 402 402 401 401 553 553 558 558 507 507 551 551 558 558 559 559 552 552 552 552 507 507 558 558 559 559 560 560 552 552 561 561 563 563 562 562 564 564 563 563 561 561 565 565 567 567 566 566 568 568 565 565 566 566 569 569 490 490 570 570 571 571 573 573 572 572 574 574 571 571 575 575 576 576 578 578 577 577 575 575 571 571 572 572 578 578 572 572 573 573 579 579 576 576 580 580 573 573 577 577 578 578 370 370 579 579 581 581 577 577 580 580 576 576 366 366 370 370 582 582 580 580 581 581 579 579 583 583 490 490 582 582 582 582 370 370 581 581 583 583 570 570 490 490 395 395 368 368 490 490 366 366 582 582 490 490 366 366 490 490 368 368 584 584 586 586 585 585 586 586 549 549 587 587 585 585 586 586 587 587 585 585 589 589 588 588 367 367 588 588 589 589 590 590 592 592 591 591 593 593 595 595 594 594 596 596 597 597 594 594 596 596 594 594 595 595 594 594 597 597 598 598 599 599 601 601 600 600 602 602 598 598 597 597 603 603 605 605 604 604 598 598 602 602 601 601 600 600 601 601 602 602 592 592 603 603 606 606 605 605 599 599 604 604 600 600 604 604 599 599 606 606 607 607 592 592 604 604 606 606 603 603 607 607 591 591 592 592 608 608 610 610 609 609 610 610 612 612 611 611 611 611 613 613 610 610 612 612 614 614 611 611 614 614 615 615 611 611 615 615 616 616 611 611 616 616 617 617 611 611 617 617 618 618 611 611 619 619 611 611 618 618 613 613 620 620 610 610 620 620 621 621 610 610 621 621 622 622 610 610 622 622 623 623 610 610 623 623 609 609 610 610 584 584 585 585 588 588 584 584 624 624 586 586 625 625 626 626 624 624 624 624 627 627 625 625 628 628 625 625 627 627 394 394 624 624 629 629 626 626 629 629 624 624 383 383 630 630 344 344 630 630 632 632 631 631 633 633 631 631 632 632 631 631 634 634 630 630 393 393 383 383 344 344 549 549 393 393 344 344 634 634 344 344 630 630 368 368 625 625 635 635 625 625 588 588 635 635 367 367 635 635 588 588 549 549 636 636 393 393 586 586 624 624 394 394 549 549 586 586 394 394 549 549 394 394 636 636 502 502 364 364 498 498 500 500 504 504 358 358 356 356 355 355 501 501 502 502 500 500 357 357 503 503 359 359 504 504 357 357 500 500 358 358 359 359 358 358 504 504 356 356 501 501 360 360 355 355 359 359 501 501 503 503 501 501 359 359 497 497 360 360 499 499 499 499 360 360 501 501 360 360 497 497 637 637 498 498 637 637 497 497 525 525 545 545 524 524 556 556 638 638 524 524 514 514 513 513 639 639 640 640 642 642 641 641 556 556 641 641 638 638 554 554 401 401 640 640 510 510 514 514 639 639 513 513 643 643 639 639 642 642 639 639 644 644 641 641 642 642 645 645 643 643 644 644 639 639 645 645 646 646 641 641 644 644 645 645 642 642 641 641 646 646 638 638 509 509 647 647 511 511 648 648 638 638 646 646 512 512 511 511 649 649 648 648 649 649 647 647 638 638 648 648 647 647 511 511 647 647 649 649 401 401 400 400 640 640 510 510 639 639 519 519 640 640 400 400 642 642 639 639 642 642 400 400 400 400 519 519 639 639 509 509 517 517 647 647 553 553 554 554 641 641 553 553 641 641 556 556 640 640 641 641 554 554 517 517 518 518 647 647 518 518 524 524 647 647 647 647 524 524 638 638 540 540 539 539 520 520 516 516 540 540 520 520 539 539 523 523 520 520 515 515 520 520 518 518 516 516 520 520 515 515 643 643 513 513 552 552 644 644 643 643 560 560 552 552 560 560 643 643 646 646 645 645 559 559 645 645 644 644 559 559 560 560 559 559 644 644 649 649 648 648 551 551 558 558 646 646 559 559 649 649 551 551 650 650 646 646 558 558 648 648 551 551 648 648 558 558 539 539 344 344 345 345 543 543 539 539 345 345 543 543 345 345 343 343 544 544 543 543 343 343 564 564 651 651 563 563 651 651 652 652 563 563 653 653 655 655 654 654 656 656 654 654 655 655 654 654 656 656 657 657 655 655 653 653 658 658 659 659 660 660 538 538 661 661 662 662 659 659 663 663 660 660 662 662 661 661 579 579 662 662 662 662 660 660 659 659 579 579 370 370 662 662 370 370 664 664 662 662 663 663 662 662 665 665 550 550 663 663 665 665 664 664 665 665 662 662 549 549 550 550 665 665 568 568 566 566 652 652 651 651 568 568 652 652 545 545 666 666 354 354 544 544 343 343 666 666 343 343 354 354 666 666 544 544 666 666 545 545 667 667 669 669 668 668 667 667 668 668 670 670 670 670 668 668 671 671 670 670 671 671 672 672 673 673 667 667 670 670 673 673 670 670 674 674 674 674 670 670 672 672 674 674 672 672 675 675 572 572 669 669 575 575 578 578 669 669 572 572 668 668 669 669 578 578 576 576 668 668 578 578 671 671 668 668 576 576 579 579 671 671 576 576 535 535 542 542 673 673 674 674 535 535 673 673 532 532 535 535 674 674 675 675 532 532 674 674 531 531 532 532 675 675 538 538 531 531 675 675 676 676 575 575 669 669 667 667 676 676 669 669 677 677 676 676 667 667 673 673 677 677 667 667 677 677 673 673 542 542 661 661 671 671 579 579 672 672 671 671 661 661 659 659 672 672 661 661 675 675 672 672 659 659 538 538 675 675 659 659 678 678 679 679 431 431 680 680 679 679 678 678 681 681 431 431 679 679 682 682 679 679 680 680 683 683 679 679 682 682 557 557 685 685 684 684 686 686 472 472 685 685 472 472 684 684 685 685 686 686 685 685 557 557 687 687 688 688 94 94 689 689 691 691 690 690 692 692 690 690 691 691 278 278 296 296 689 689 691 691 689 689 296 296 691 691 693 693 692 692 688 688 692 692 693 693 691 691 296 296 693 693 688 688 687 687 692 692 693 693 296 296 295 295 295 295 96 96 693 693 692 692 694 694 690 690 694 694 692 692 687 687 695 695 696 696 690 690 695 695 690 690 694 694 689 689 690 690 300 300 278 278 689 689 697 697 696 696 300 300 690 690 280 280 278 278 697 697 300 300 697 697 689 689 96 96 97 97 693 693 688 688 693 693 101 101 101 101 93 93 688 688 97 97 101 101 693 693 93 93 94 94 688 688 306 306 305 305 446 446 447 447 451 451 468 468 447 447 468 468 449 449 448 448 307 307 450 450 468 468 451 451 698 698 698 698 451 451 450 450 445 445 449 449 310 310 311 311 449 449 468 468 446 446 444 444 309 309 311 311 310 310 449 449 309 309 306 306 446 446 444 444 445 445 309 309 310 310 309 309 445 445 448 448 446 446 305 305 182 182 181 181 92 92 699 699 179 179 132 132 179 179 180 180 132 132 180 180 183 183 128 128 128 128 132 132 180 180 92 92 128 128 182 182 88 88 92 92 181 181 183 183 182 182 128 128 179 179 700 700 184 184 88 88 181 181 87 87 87 87 181 181 159 159 159 159 177 177 701 701 177 177 159 159 181 181 178 178 701 701 177 177 701 701 184 184 700 700 184 184 701 701 178 178 699 699 700 700 179 179 702 702 561 561 562 562 703 703 561 561 702 702 703 703 702 702 565 565 567 567 565 565 702 702 704 704 706 706 705 705 707 707 706 706 704 704 708 708 705 705 709 709 704 704 705 705 708 708 710 710 707 707 704 704 711 711 707 707 710 710 712 712 704 704 708 708 710 710 704 704 712 712 713 713 706 706 714 714 715 715 706 706 713 713 705 705 706 706 715 715 716 716 705 705 715 715 709 709 705 705 716 716 575 575 709 709 716 716 528 528 541 541 711 711 710 710 528 528 711 711 527 527 528 528 710 710 712 712 527 527 710 710 530 530 527 527 712 712 542 542 530 530 712 712 717 717 714 714 706 706 707 707 717 717 706 706 718 718 717 717 707 707 711 711 718 718 707 707 718 718 711 711 541 541 676 676 709 709 575 575 708 708 709 709 676 676 677 677 708 708 676 676 712 712 708 708 677 677 542 542 712 712 677 677 186 186 77 77 76 76 418 418 720 720 719 719 721 721 722 722 455 455 720 720 418 418 723 723 724 724 719 719 720 720 719 719 724 724 455 455 325 325 455 455 725 725 725 725 455 455 724 724 723 723 418 418 726 726 726 726 40 40 727 727 40 40 726 726 418 418 727 727 43 43 728 728 43 43 727 727 40 40 728 728 44 44 729 729 44 44 728 728 43 43 45 45 22 22 729 729 45 45 729 729 44 44 730 730 729 729 22 22 719 719 455 455 722 722 731 731 732 732 331 331 332 332 731 731 331 331 679 679 683 683 732 732 731 731 679 679 732 732 679 679 731 731 681 681 683 683 331 331 732 732 681 681 731 731 332 332 333 333 733 733 50 50 734 734 736 736 735 735 737 737 739 739 738 738 333 333 738 738 733 733 330 330 331 331 737 737 740 740 734 734 735 735 736 736 741 741 735 735 739 739 735 735 742 742 738 738 739 739 743 743 741 741 742 742 735 735 743 743 744 744 738 738 742 742 743 743 739 739 738 738 744 744 733 733 745 745 747 747 746 746 748 748 733 733 744 744 749 749 746 746 750 750 748 748 750 750 747 747 733 733 748 748 747 747 746 746 747 747 750 750 331 331 683 683 737 737 740 740 735 735 751 751 737 737 683 683 739 739 735 735 739 739 683 683 683 683 751 751 735 735 745 745 752 752 747 747 329 329 330 330 738 738 329 329 738 738 333 333 737 737 738 738 330 330 752 752 49 49 747 747 49 49 50 50 747 747 747 747 50 50 733 733 753 753 755 755 754 754 756 756 758 758 757 757 757 757 760 760 759 759 760 760 757 757 758 758 759 759 762 762 761 761 762 762 759 759 760 760 761 761 764 764 763 763 764 764 761 761 762 762 765 765 763 763 766 766 767 767 763 763 764 764 768 768 765 765 769 769 767 767 766 766 763 763 755 755 768 768 770 770 766 766 769 769 765 765 770 770 754 754 755 755 769 769 770 770 768 768 5 5 431 431 771 771 6 6 431 431 5 5 4 4 771 771 772 772 5 5 771 771 4 4 773 773 775 775 774 774 430 430 776 776 774 774 777 777 775 775 773 773 778 778 775 775 777 777 119 119 779 779 116 116 4 4 772 772 779 779 772 772 116 116 779 779 4 4 779 779 119 119 780 780 353 353 631 631 634 634 631 631 353 353 362 362 353 353 780 780 781 781 361 361 782 782 238 238 782 782 240 240 781 781 782 782 238 238 783 783 322 322 489 489 784 784 458 458 785 785 460 460 458 458 786 786 327 327 489 489 322 322 786 786 458 458 784 784 322 322 783 783 321 321 321 321 785 785 458 458 785 785 321 321 783 783 787 787 788 788 413 413 781 781 238 238 788 788 453 453 235 235 788 788 787 787 361 361 788 788 453 453 788 788 239 239 238 238 239 239 788 788 781 781 788 788 361 361 235 235 236 236 788 788 236 236 414 414 788 788 414 414 413 413 788 788 789 789 791 791 790 790 792 792 790 790 791 791 793 793 795 795 794 794 786 786 796 796 794 794 793 793 798 798 797 797 694 694 797 797 798 798 794 794 799 799 793 793 798 798 793 793 799 799 798 798 800 800 694 694 799 799 801 801 798 798 800 800 798 798 801 801 794 794 796 796 799 799 799 799 802 802 801 801 802 802 799 799 796 796 803 803 804 804 801 801 803 803 801 801 802 802 696 696 800 800 804 804 801 801 804 804 800 800 696 696 695 695 800 800 800 800 695 695 694 694 797 797 694 694 687 687 687 687 94 94 797 797 793 793 797 797 795 795 786 786 794 794 795 795 94 94 795 795 797 797 372 372 371 371 413 413 412 412 372 372 413 413 371 371 373 373 413 413 373 373 375 375 413 413 686 686 413 413 374 374 374 374 406 406 686 686 375 375 374 374 413 413 472 472 686 686 404 404 377 377 472 472 404 404 406 406 404 404 686 686 805 805 807 807 806 806 327 327 326 326 806 806 805 805 809 809 808 808 810 810 808 808 809 809 806 806 811 811 805 805 809 809 805 805 811 811 809 809 812 812 810 810 811 811 813 813 809 809 812 812 809 809 813 813 806 806 326 326 811 811 811 811 323 323 813 813 323 323 811 811 326 326 324 324 328 328 813 813 324 324 813 813 323 323 334 334 812 812 328 328 813 813 328 328 812 812 334 334 814 814 812 812 812 812 814 814 810 810 808 808 810 810 815 815 816 816 810 810 814 814 815 815 817 817 808 808 816 816 815 815 810 810 805 805 808 808 807 807 327 327 806 806 807 807 817 817 807 807 808 808 463 463 819 819 818 818 820 820 822 822 821 821 823 823 818 818 819 819 824 824 820 820 821 821 823 823 819 819 822 822 821 821 822 822 819 819 241 241 825 825 780 780 240 240 825 825 241 241 826 826 425 425 633 633 241 241 780 780 423 423 827 827 241 241 828 828 423 423 829 829 241 241 829 829 828 828 241 241 425 425 423 423 633 633 780 780 633 633 423 423 827 827 428 428 237 237 241 241 827 827 237 237 280 280 299 299 298 298 94 94 460 460 795 795 830 830 460 460 94 94 104 104 830 830 94 94 786 786 795 795 460 460 354 354 361 361 545 545 555 555 545 545 787 787 555 555 787 787 557 557 361 361 787 787 545 545 413 413 686 686 557 557 413 413 557 557 787 787 587 587 549 549 831 831 585 585 587 587 831 831 831 831 369 369 367 367 716 716 832 832 575 575 833 833 804 804 834 834 570 570 835 835 569 569 836 836 838 838 837 837 696 696 804 804 833 833 836 836 804 804 835 835 836 836 834 834 804 804 569 569 835 835 804 804 837 837 838 838 714 714 834 834 836 836 837 837 714 714 839 839 713 713 839 839 714 714 838 838 713 713 840 840 715 715 840 840 713 713 839 839 715 715 841 841 716 716 841 841 715 715 840 840 574 574 575 575 832 832 832 832 716 716 841 841 593 593 842 842 595 595 590 590 591 591 843 843 844 844 845 845 843 843 844 844 843 843 591 591 843 843 845 845 846 846 847 847 849 849 848 848 850 850 846 846 845 845 851 851 853 853 852 852 846 846 850 850 849 849 848 848 849 849 850 850 842 842 851 851 854 854 853 853 847 847 852 852 848 848 852 852 847 847 854 854 855 855 842 842 852 852 854 854 851 851 855 855 595 595 842 842 856 856 858 858 857 857 833 833 859 859 476 476 792 792 791 791 859 859 859 859 791 791 476 476 791 791 789 789 302 302 860 860 792 792 834 834 837 837 860 860 834 834 834 834 861 861 833 833 861 861 834 834 792 792 298 298 301 301 862 862 302 302 789 789 301 301 862 862 301 301 863 863 863 863 301 301 789 789 340 340 864 864 335 335 865 865 815 815 866 866 865 865 866 866 867 867 868 868 867 867 866 866 869 869 864 864 868 868 866 866 870 870 868 868 869 869 868 868 870 870 866 866 816 816 870 870 816 816 866 866 815 815 814 814 334 334 870 870 814 814 870 870 816 816 335 335 869 869 334 334 870 870 334 334 869 869 869 869 335 335 864 864 865 865 867 867 871 871 871 871 872 872 865 865 872 872 817 817 865 865 815 815 865 865 817 817 6 6 873 873 338 338 6 6 465 465 873 873 131 131 129 129 464 464 465 465 464 464 873 873 873 873 464 464 129 129 874 874 876 876 875 875 875 875 773 773 874 874 877 877 876 876 874 874 336 336 334 334 339 339 878 878 876 876 339 339 878 878 339 339 334 334 876 876 879 879 339 339 875 875 880 880 773 773 777 777 773 773 880 880 778 778 777 777 880 880 776 776 339 339 877 877 337 337 339 339 776 776 776 776 430 430 337 337 338 338 337 337 430 430 776 776 877 877 773 773 776 776 773 773 881 881 877 877 874 874 773 773 882 882 884 884 883 883 885 885 886 886 882 882 887 887 888 888 882 882 887 887 882 882 886 886 888 888 884 884 882 882 889 889 883 883 884 884 884 884 888 888 889 889 749 749 889 889 888 888 888 888 887 887 736 736 882 882 883 883 889 889 750 750 748 748 889 889 750 750 889 889 749 749 889 889 748 748 882 882 882 882 744 744 885 885 744 744 882 882 748 748 886 886 885 885 742 742 743 743 885 885 744 744 742 742 741 741 887 887 743 743 742 742 885 885 886 886 742 742 887 887 741 741 736 736 887 887 772 772 890 890 116 116 681 681 332 332 890 890 332 332 116 116 890 890 681 681 890 890 772 772 431 431 681 681 771 771 681 681 772 772 771 771 678 678 431 431 891 891 892 892 47 47 893 893 46 46 893 893 47 47 894 894 48 48 892 892 47 47 892 892 48 48 48 48 894 894 895 895 896 896 16 16 895 895 897 897 18 18 896 896 16 16 896 896 18 18 891 891 19 19 897 897 18 18 897 897 19 19 895 895 17 17 48 48 17 17 895 895 16 16 431 431 20 20 891 891 891 891 20 20 19 19 42 42 429 429 46 46 429 429 898 898 893 893 893 893 46 46 429 429 898 898 899 899 893 893 893 893 899 899 892 892 894 894 892 892 900 900 900 900 892 892 899 899 900 900 895 895 894 894 896 896 901 901 897 897 901 901 896 896 895 895 678 678 891 891 680 680 891 891 897 897 680 680 680 680 897 897 901 901 902 902 328 328 725 725 880 880 875 875 328 328 903 903 904 904 778 778 334 334 328 328 875 875 903 903 328 328 902 902 25 25 778 778 905 905 778 778 880 880 903 903 903 903 880 880 328 328 24 24 25 25 906 906 904 904 905 905 778 778 23 23 24 24 907 907 905 905 906 906 25 25 21 21 23 23 908 908 906 906 907 907 24 24 730 730 22 22 908 908 907 907 908 908 23 23 21 21 908 908 22 22 325 325 725 725 328 328 909 909 28 28 910 910 29 29 28 28 909 909 778 778 29 29 909 909 28 28 20 20 910 910 20 20 430 430 910 910 25 25 29 29 778 778 680 680 901 901 682 682 900 900 745 745 888 888 901 901 888 888 740 740 746 746 749 749 745 745 749 749 888 888 745 745 736 736 740 740 888 888 736 736 734 734 740 740 895 895 888 888 901 901 895 895 900 900 888 888 900 900 911 911 745 745 899 899 911 911 900 900 752 752 745 745 49 49 49 49 745 745 911 911 751 751 683 683 740 740 901 901 740 740 682 682 683 683 682 682 740 740 756 756 912 912 758 758 753 753 754 754 913 913 913 913 915 915 914 914 915 915 913 913 754 754 914 914 917 917 916 916 917 917 914 914 915 915 916 916 919 919 918 918 919 919 916 916 917 917 920 920 918 918 921 921 922 922 918 918 919 919 923 923 920 920 924 924 922 922 921 921 918 918 912 912 923 923 925 925 921 921 924 924 920 920 925 925 758 758 912 912 924 924 925 925 923 923 926 926 928 928 927 927 928 928 930 930 929 929 929 929 931 931 928 928 930 930 932 932 929 929 932 932 933 933 929 929 933 933 934 934 929 929 934 934 935 935 929 929 935 935 936 936 929 929 937 937 929 929 936 936 931 931 938 938 928 928 938 938 939 939 928 928 939 939 940 940 928 928 940 940 941 941 928 928 941 941 927 927 928 928 942 942 863 863 789 789 792 792 860 860 942 942 871 871 391 391 390 390 872 872 871 871 390 390 872 872 390 390 389 389 817 817 872 872 389 389 817 817 478 478 807 807 327 327 807 807 489 489 489 489 807 807 478 478 389 389 478 478 817 817 784 784 802 802 796 796 786 786 784 784 796 796 943 943 569 569 803 803 802 802 943 943 803 803 784 784 943 943 802 802 943 943 784 784 785 785 569 569 804 804 803 803 944 944 718 718 862 862 945 945 718 718 944 944 946 946 717 717 945 945 837 837 717 717 946 946 717 717 718 718 945 945 541 541 862 862 718 718 714 714 717 717 837 837 490 490 569 569 488 488 943 943 785 785 783 783 481 481 943 943 783 783 488 488 943 943 481 481 943 943 488 488 569 569 487 487 783 783 489 489 481 481 783 783 487 487 947 947 472 472 473 473 684 684 472 472 947 947 493 493 473 473 279 279 947 947 473 473 493 493 298 298 862 862 279 279 493 493 279 279 862 862 862 862 541 541 493 493 948 948 825 825 949 949 949 949 825 825 240 240 948 948 949 949 950 950 361 361 362 362 950 950 948 948 780 780 825 825 362 362 780 780 948 948 950 950 362 362 948 948 782 782 949 949 240 240 950 950 949 949 782 782 361 361 950 950 782 782 397 397 684 684 947 947 397 397 947 947 493 493 402 402 951 951 397 397 557 557 684 684 951 951 684 684 397 397 951 951 557 557 951 951 402 402 952 952 954 954 953 953 955 955 957 957 956 956 958 958 956 956 957 957 956 956 958 958 959 959 960 960 962 962 961 961 957 957 955 955 873 873 963 963 964 964 954 954 962 962 965 965 873 873 873 873 955 955 962 962 961 961 962 962 955 955 966 966 967 967 873 873 965 965 966 966 873 873 873 873 967 967 338 338 964 964 960 960 954 954 961 961 954 954 960 960 968 968 954 954 952 952 963 963 954 954 968 968 969 969 968 968 952 952 969 969 630 630 968 968 630 630 383 383 380 380 89 89 971 971 970 970 83 83 89 89 970 970 456 456 972 972 455 455 973 973 975 975 974 974 976 976 978 978 977 977 979 979 977 977 978 978 973 973 974 974 976 976 978 978 976 976 974 974 978 978 980 980 979 979 972 972 979 979 980 980 978 978 974 974 980 980 979 979 972 972 459 459 980 980 974 974 981 981 982 982 974 974 975 975 982 982 981 981 974 974 980 980 981 981 721 721 972 972 980 980 455 455 977 977 979 979 457 457 456 456 459 459 972 972 457 457 460 460 977 977 459 459 457 457 979 979 976 976 977 977 830 830 976 976 830 830 973 973 460 460 830 830 977 977 975 975 973 973 104 104 104 104 973 973 830 830 721 721 455 455 980 980 207 207 466 466 288 288 983 983 985 985 984 984 986 986 157 157 984 984 987 987 986 986 984 984 157 157 149 149 984 984 149 149 151 151 984 984 983 983 984 984 151 151 987 987 984 984 985 985 988 988 990 990 989 989 462 462 131 131 464 464 92 92 85 85 991 991 130 130 92 92 991 991 130 130 991 991 124 124 125 125 130 130 124 124 462 462 992 992 160 160 156 156 160 160 992 992 89 89 66 66 971 971 65 65 66 66 89 89 158 158 986 986 993 993 994 994 993 993 987 987 987 987 993 993 986 986 157 157 986 986 158 158 196 196 995 995 994 994 71 71 72 72 995 995 993 993 994 994 995 995 196 196 71 71 995 995 72 72 158 158 995 995 993 993 995 995 158 158 996 996 997 997 221 221 998 998 217 217 999 999 999 999 1001 1001 1000 1000 233 233 999 999 217 217 1001 1001 1003 1003 1002 1002 998 998 999 999 1000 1000 1002 1002 1000 1000 1001 1001 1004 1004 1006 1006 1005 1005 1004 1004 1002 1002 1007 1007 1006 1006 1004 1004 1007 1007 1003 1003 1007 1007 1002 1002 996 996 1008 1008 997 997 1009 1009 1005 1005 1006 1006 224 224 221 221 997 997 1005 1005 1009 1009 1008 1008 997 997 1008 1008 1009 1009 210 210 826 826 215 215 428 428 212 212 454 454 454 454 212 212 471 471 208 208 209 209 471 471 208 208 471 471 212 212 471 471 209 209 1010 1010 425 425 826 826 210 210 215 215 1010 1010 209 209 1010 1010 215 215 826 826 204 204 1011 1011 52 52 205 205 54 54 1011 1011 54 54 52 52 1011 1011 205 205 1011 1011 204 204 137 137 433 433 139 139 187 187 138 138 452 452 452 452 138 138 435 435 136 136 140 140 435 435 136 136 435 435 138 138 1012 1012 1013 1013 139 139 1012 1012 139 139 433 433 435 435 140 140 1013 1013 139 139 1013 1013 140 140 198 198 433 433 137 137 1014 1014 1016 1016 1015 1015 126 126 124 124 254 254 245 245 254 254 124 124 85 85 81 81 244 244 991 991 85 85 244 244 991 991 244 244 245 245 124 124 991 991 245 245 78 78 75 75 293 293 415 415 78 78 293 293 160 160 159 159 462 462 159 159 1017 1017 462 462 1017 1017 700 700 462 462 462 462 700 700 131 131 132 132 131 131 699 699 699 699 131 131 700 700 156 156 155 155 91 91 160 160 156 156 91 91 91 91 155 155 84 84 89 89 90 90 65 65 416 416 1018 1018 202 202 1019 1019 200 200 1020 1020 418 418 1019 1019 1020 1020 1021 1021 202 202 1018 1018 1021 1021 1020 1020 200 200 253 253 1022 1022 252 252 152 152 127 127 151 151 1022 1022 1023 1023 126 126 252 252 1022 1022 126 126 151 151 126 126 1023 1023 126 126 151 151 127 127 1023 1023 1024 1024 151 151 983 983 151 151 1024 1024 62 62 985 985 1025 1025 985 985 983 983 1026 1026 1024 1024 1026 1026 983 983 1026 1026 1025 1025 985 985 62 62 1027 1027 64 64 1027 1027 62 62 1025 1025 1028 1028 259 259 64 64 1028 1028 64 64 1027 1027 1019 1019 418 418 719 719 200 200 1019 1019 719 719 200 200 719 719 722 722 1029 1029 156 156 992 992 1029 1029 992 992 1030 1030 1031 1031 1029 1029 1030 1030 308 308 117 117 1031 1031 153 153 156 156 1029 1029 1031 1031 153 153 1029 1029 153 153 1031 1031 117 117 1030 1030 992 992 462 462 308 308 1030 1030 462 462 1030 1030 308 308 1031 1031 722 722 199 199 200 200 199 199 722 722 1032 1032 1032 1032 201 201 199 199 1033 1033 202 202 201 201 291 291 416 416 1034 1034 202 202 1034 1034 416 416 1034 1034 202 202 1033 1033 75 75 73 73 297 297 236 236 409 409 414 414 1035 1035 1037 1037 1036 1036 1032 1032 1039 1039 1038 1038 1039 1039 1037 1037 1038 1038 1035 1035 1038 1038 1037 1037 1038 1038 1040 1040 1032 1032 1041 1041 1032 1032 1040 1040 1033 1033 1038 1038 1034 1034 1034 1034 1038 1038 1035 1035 291 291 1034 1034 1035 1035 432 432 1035 1035 1036 1036 291 291 1035 1035 432 432 1042 1042 1036 1036 981 981 1043 1043 1042 1042 982 982 1044 1044 1046 1046 1045 1045 1043 1043 1045 1045 1046 1046 1046 1046 1044 1044 1047 1047 1046 1046 1048 1048 1043 1043 1042 1042 1043 1043 1048 1048 1047 1047 289 289 1046 1046 1048 1048 1046 1046 289 289 1048 1048 1036 1036 1042 1042 1045 1045 1043 1043 975 975 981 981 982 982 1042 1042 975 975 104 104 1045 1045 982 982 975 975 1043 1043 104 104 95 95 1045 1045 95 95 103 103 1045 1045 1045 1045 103 103 1044 1044 102 102 100 100 1044 1044 102 102 1044 1044 103 103 100 100 285 285 1044 1044 1044 1044 285 285 1047 1047 1047 1047 292 292 289 289 292 292 1047 1047 285 285 287 287 1049 1049 289 289 1036 1036 1048 1048 1049 1049 289 289 1049 1049 1048 1048 721 721 981 981 1036 1036 409 409 434 434 408 408 434 434 415 415 408 408 633 633 780 780 631 631 1050 1050 1051 1051 207 207 1051 1051 1052 1052 115 115 146 146 114 114 1053 1053 115 115 207 207 1051 1051 1052 1052 1054 1054 115 115 1054 1054 443 443 115 115 442 442 114 114 443 443 442 442 440 440 114 114 115 115 443 443 114 114 440 440 1053 1053 114 114 113 113 1055 1055 117 117 67 67 65 65 1055 1055 86 86 84 84 1055 1055 113 113 114 114 1055 1055 86 86 1055 1055 90 90 65 65 90 90 1055 1055 67 67 1055 1055 114 114 84 84 155 155 1055 1055 155 155 154 154 1055 1055 154 154 117 117 1055 1055 1056 1056 1058 1058 1057 1057 1059 1059 1061 1061 1060 1060 1056 1056 1062 1062 1058 1058 1063 1063 1057 1057 1058 1058 1061 1061 1058 1058 1062 1062 1060 1060 1061 1061 1062 1062 247 247 290 290 249 249 147 147 290 290 247 247 971 971 145 145 147 147 66 66 145 145 971 971 250 250 268 268 247 247 147 147 247 247 1064 1064 1064 1064 1065 1065 147 147 268 268 1064 1064 247 247 1065 1065 1066 1066 971 971 970 970 971 971 1066 1066 147 147 1065 1065 971 971 254 254 245 245 251 251 245 245 246 246 251 251 266 266 83 83 970 970 1067 1067 1069 1069 1068 1068 290 290 1063 1063 286 286 147 147 146 146 1063 1063 147 147 1063 1063 290 290 409 409 236 236 234 234 434 434 409 409 234 234 1070 1070 1064 1064 271 271 424 424 428 428 827 827 898 898 429 429 55 55 899 899 898 898 55 55 429 429 52 52 55 55 911 911 55 55 49 49 899 899 55 55 911 911 1052 1052 1051 1051 188 188 1071 1071 1072 1072 194 194 443 443 193 193 438 438 438 438 195 195 1072 1072 194 194 1072 1072 195 195 192 192 1053 1053 194 194 443 443 1054 1054 193 193 195 195 438 438 191 191 191 191 438 438 193 193 188 188 189 189 1052 1052 190 190 188 188 1051 1051 189 189 193 193 1052 1052 1054 1054 1052 1052 193 193 192 192 190 190 1050 1050 1050 1050 190 190 1051 1051 633 633 632 632 1010 1010 826 826 633 633 1010 1010 471 471 1010 1010 467 467 62 62 63 63 1010 1010 63 63 467 467 1010 1010 62 62 1010 1010 632 632</p>
				</triangles>
			</mesh>
		</geometry>
	</library_geometries>
	<library_visual_scenes>
		<visual_scene id="VisualSceneNode" name="base1d_med">
			<node id="J4.dae" name="J4.dae">
				<instance_geometry url="#base2_M1KShape0">
					<bind_material>
						<technique_common>
							<instance_material symbol="blinn20.material" target="#blinn20.material"/>
						</technique_common>
					</bind_material>
				</instance_geometry>
				<instance_geometry url="#base2_M1KShape1">
					<bind_material>
						<technique_common>
							<instance_material symbol="blinn21.material" target="#blinn21.material"/>
						</technique_common>
					</bind_material>
				</instance_geometry>
			</node>
		</visual_scene>
	</library_visual_scenes>
	<scene>
		<instance_visual_scene url="#VisualSceneNode"/>
	</scene>
</COLLADA>
